id,subscription_type,m_revenue,join_date,last_payment,country,age,gender,device_type,plan_duration
1,Premium,17,25-08-22,10-05-23,Spain,49,Female,Laptop,1 Month
2,Basic,11,10-01-23,20-06-23,United Kingdom,32,Male,Tablet,1 Month
3,Basic,12,02-03-22,27-02-23,Brazil,46,Female,Smart TV,1 Month
4,Premium,17,22-12-21,25-03-22,United States,35,Male,Tablet,1 Month
5,Standard,11,01-06-23,13-07-23,Italy,44,Female,Smart TV,1 Month
6,Premium,15,04-11-22,18-04-23,Australia,37,Male,Smartphone,1 Month
7,Premium,15,27-02-23,14-07-23,Australia,46,Female,Smartphone,1 Month
8,Basic,9,19-01-22,19-10-22,United States,27,Male,Laptop,1 Month
9,Standard,12,12-02-23,05-07-23,Spain,43,Male,Smart TV,1 Month
10,Standard,11,30-05-22,03-05-23,Spain,46,Male,Laptop,1 Month
11,Premium,16,06-01-22,09-10-22,Mexico,41,Male,Smart TV,1 Month
12,Premium,16,07-09-22,03-11-22,Germany,36,Female,Smartphone,1 Month
13,Basic,13,13-10-22,10-03-23,United States,28,Female,Smart TV,1 Month
14,Basic,13,30-07-22,15-03-23,Spain,27,Male,Tablet,1 Month
15,Standard,15,16-05-22,19-02-23,Brazil,49,Female,Laptop,1 Month
16,Basic,10,12-06-23,25-06-23,Italy,28,Female,Tablet,1 Month
17,Premium,16,15-06-23,03-07-23,Canada,37,Female,Smart TV,1 Month
18,Premium,16,27-09-21,21-06-22,Spain,46,Male,Smart TV,1 Month
19,Premium,17,20-12-22,13-02-23,United States,36,Male,Smartphone,1 Month
20,Basic,12,10-04-23,03-07-23,United Kingdom,30,Male,Laptop,1 Month
21,Standard,11,08-06-23,21-06-23,Canada,48,Male,Tablet,1 Month
22,Basic,11,27-10-21,10-04-22,Australia,40,Female,Smartphone,1 Month
23,Standard,11,24-09-22,02-06-23,Italy,32,Male,Laptop,1 Month
24,Basic,10,21-02-22,14-10-22,Canada,51,Female,Smart TV,1 Month
25,Standard,13,20-06-22,09-01-23,United Kingdom,36,Female,Smart TV,1 Month
26,Standard,14,11-09-22,30-06-23,Spain,38,Female,Tablet,1 Month
27,Basic,10,25-06-23,27-06-23,Australia,34,Female,Smart TV,1 Month
28,Standard,12,21-01-23,18-06-23,United Kingdom,44,Female,Smartphone,1 Month
29,Basic,10,16-09-21,21-12-21,United Kingdom,36,Male,Tablet,1 Month
30,Basic,10,27-03-23,08-07-23,Spain,51,Female,Smartphone,1 Month
31,Standard,11,14-04-23,20-06-23,Canada,48,Female,Tablet,1 Month
32,Basic,11,15-11-21,04-03-22,Canada,41,Male,Laptop,1 Month
33,Basic,10,06-02-22,21-09-22,Spain,44,Male,Tablet,1 Month
34,Basic,9,21-01-22,22-11-22,France,40,Male,Laptop,1 Month
35,Standard,14,28-06-23,09-07-23,France,36,Male,Laptop,1 Month
36,Premium,18,01-02-22,18-07-22,United States,36,Female,Smartphone,1 Month
37,Basic,10,09-01-23,22-06-23,United States,34,Female,Smartphone,1 Month
38,Standard,14,19-07-22,18-02-23,Spain,39,Female,Smart TV,1 Month
39,Basic,10,17-05-23,30-06-23,Brazil,33,Male,Tablet,1 Month
40,Standard,12,19-12-22,18-03-23,Brazil,27,Male,Smart TV,1 Month
41,Premium,17,27-04-22,24-04-23,Spain,34,Male,Laptop,1 Month
42,Basic,9,01-08-22,02-10-22,Germany,47,Male,Tablet,1 Month
43,Basic,12,30-01-22,26-12-22,Australia,33,Male,Tablet,1 Month
44,Premium,17,22-11-22,07-02-23,United States,27,Female,Smart TV,1 Month
45,Standard,14,04-02-23,26-06-23,France,43,Female,Laptop,1 Month
46,Basic,9,26-08-22,20-06-23,United Kingdom,45,Male,Smart TV,1 Month
47,Standard,14,10-01-23,03-07-23,Brazil,44,Male,Laptop,1 Month
48,Basic,12,13-07-22,15-12-22,Australia,36,Female,Smart TV,1 Month
49,Premium,14,12-10-22,24-06-23,United States,30,Female,Tablet,1 Month
50,Standard,13,19-03-22,24-10-22,Italy,36,Female,Smartphone,1 Month
51,Standard,13,06-09-21,11-11-21,France,28,Male,Smartphone,1 Month
52,Standard,15,07-05-22,01-11-22,Canada,34,Male,Laptop,1 Month
53,Premium,14,18-02-22,17-10-22,Germany,27,Male,Laptop,1 Month
54,Basic,9,14-03-23,15-07-23,Canada,40,Male,Tablet,1 Month
55,Premium,17,27-02-23,01-07-23,Italy,27,Male,Tablet,1 Month
56,Standard,11,31-05-23,23-06-23,Brazil,47,Male,Laptop,1 Month
57,Premium,14,16-01-23,11-07-23,Italy,40,Female,Laptop,1 Month
58,Basic,13,09-10-22,27-01-23,Spain,31,Male,Smart TV,1 Month
59,Basic,9,01-06-22,27-06-22,Canada,41,Male,Smartphone,1 Month
60,Premium,17,28-03-22,17-02-23,Canada,38,Female,Smart TV,1 Month
61,Premium,17,18-01-22,08-12-22,Italy,41,Male,Smartphone,1 Month
62,Standard,13,17-06-22,02-01-23,Brazil,30,Female,Smartphone,1 Month
63,Standard,15,29-10-22,27-06-23,United States,31,Female,Smartphone,1 Month
64,Standard,14,11-11-22,08-07-23,Spain,38,Female,Laptop,1 Month
65,Premium,16,05-11-22,11-03-23,Canada,27,Male,Smart TV,1 Month
66,Basic,12,18-11-21,30-07-22,Germany,41,Female,Tablet,1 Month
67,Premium,15,13-03-23,29-06-23,Australia,46,Male,Smart TV,1 Month
68,Premium,17,19-10-22,19-12-22,United States,33,Female,Laptop,1 Month
69,Premium,17,23-12-21,27-07-22,Canada,48,Female,Smart TV,1 Month
70,Premium,16,30-04-23,14-07-23,Canada,46,Male,Smart TV,1 Month
71,Standard,15,29-01-22,12-09-22,France,29,Female,Smart TV,1 Month
72,Standard,12,05-04-22,21-03-23,Mexico,26,Female,Smartphone,1 Month
73,Standard,11,18-01-22,13-09-22,United States,44,Male,Smart TV,1 Month
74,Standard,12,12-12-21,03-08-22,Spain,44,Female,Smartphone,1 Month
75,Premium,14,15-02-23,09-03-23,France,34,Male,Laptop,1 Month
76,Basic,12,18-02-22,26-12-22,United States,34,Male,Tablet,1 Month
77,Premium,15,09-01-22,14-07-22,France,48,Female,Laptop,1 Month
78,Basic,13,01-07-22,27-06-23,Canada,42,Male,Smartphone,1 Month
79,Basic,9,25-11-22,11-04-23,United States,51,Female,Laptop,1 Month
80,Standard,15,30-10-22,26-04-23,Australia,31,Male,Smartphone,1 Month
81,Premium,15,31-12-22,24-01-23,Italy,36,Female,Smartphone,1 Month
82,Basic,9,27-10-21,25-03-22,United Kingdom,29,Female,Smart TV,1 Month
83,Standard,14,18-11-21,07-02-22,Canada,26,Male,Tablet,1 Month
84,Standard,11,14-07-22,28-05-23,Spain,48,Female,Laptop,1 Month
85,Standard,12,19-07-22,12-12-22,Spain,37,Female,Tablet,1 Month
86,Premium,14,04-08-22,18-10-22,United States,42,Female,Laptop,1 Month
87,Standard,13,12-02-22,20-11-22,United Kingdom,44,Male,Laptop,1 Month
88,Premium,16,16-03-23,01-07-23,France,30,Female,Smart TV,1 Month
89,Basic,9,02-11-22,22-11-22,United States,28,Male,Laptop,1 Month
90,Standard,13,29-04-23,09-06-23,Australia,29,Male,Smartphone,1 Month
91,Standard,13,18-09-21,14-07-22,Mexico,26,Female,Tablet,1 Month
92,Standard,13,28-05-23,14-07-23,Germany,44,Male,Tablet,1 Month
93,Standard,11,07-12-22,02-01-23,Brazil,39,Male,Laptop,1 Month
94,Standard,13,17-01-22,28-09-22,United States,37,Male,Tablet,1 Month
95,Premium,16,30-04-22,05-08-22,Canada,34,Female,Smartphone,1 Month
96,Basic,10,16-12-22,20-06-23,Canada,37,Female,Tablet,1 Month
97,Basic,11,29-08-22,01-01-23,United Kingdom,30,Male,Laptop,1 Month
98,Basic,10,07-02-22,10-10-22,Germany,43,Male,Laptop,1 Month
99,Standard,12,15-12-21,31-03-22,France,29,Female,Tablet,1 Month
100,Premium,15,23-04-23,08-07-23,United States,27,Male,Smartphone,1 Month
101,Premium,18,23-04-22,06-10-22,Canada,40,Female,Tablet,1 Month
102,Basic,13,03-11-21,02-09-22,United States,36,Male,Smartphone,1 Month
103,Standard,12,01-05-22,19-09-22,United States,37,Male,Tablet,1 Month
104,Basic,10,26-09-21,06-04-22,Canada,36,Female,Smartphone,1 Month
105,Basic,11,28-12-22,20-02-23,United States,34,Female,Laptop,1 Month
106,Basic,12,14-04-23,05-07-23,Canada,42,Female,Laptop,1 Month
107,Premium,18,20-08-22,18-12-22,Mexico,35,Female,Tablet,1 Month
108,Standard,11,21-03-23,09-07-23,Spain,43,Female,Tablet,1 Month
109,Basic,12,22-09-21,27-04-22,United Kingdom,34,Male,Smartphone,1 Month
110,Standard,13,29-01-23,19-05-23,United Kingdom,40,Female,Laptop,1 Month
111,Basic,12,19-09-22,13-07-23,United States,49,Male,Tablet,1 Month
112,Premium,15,10-10-22,26-05-23,United Kingdom,40,Male,Laptop,1 Month
113,Premium,16,29-11-22,29-01-23,Spain,35,Male,Smart TV,1 Month
114,Basic,11,23-01-23,04-07-23,Germany,42,Male,Laptop,1 Month
115,Basic,9,02-01-22,07-05-22,United Kingdom,43,Male,Smart TV,1 Month
116,Premium,14,27-04-22,16-07-22,Spain,45,Female,Laptop,1 Month
117,Standard,12,16-12-22,15-07-23,Canada,41,Male,Smartphone,1 Month
118,Standard,15,14-03-22,24-01-23,France,28,Male,Smartphone,1 Month
119,Basic,12,23-11-22,06-03-23,Mexico,48,Male,Smart TV,1 Month
120,Premium,18,08-11-22,10-06-23,Germany,29,Female,Smartphone,1 Month
121,Basic,9,20-09-22,04-02-23,United Kingdom,37,Male,Laptop,1 Month
122,Standard,13,12-07-22,15-04-23,Spain,40,Female,Smart TV,1 Month
123,Basic,10,03-01-22,29-01-22,Spain,29,Male,Tablet,1 Month
124,Standard,15,11-01-23,05-07-23,France,50,Male,Smartphone,1 Month
125,Standard,13,01-10-21,22-11-21,Germany,32,Male,Smartphone,1 Month
126,Basic,12,04-04-23,09-07-23,Spain,34,Male,Smartphone,1 Month
127,Basic,13,22-05-23,26-06-23,United States,34,Female,Tablet,1 Month
128,Basic,13,23-05-23,23-06-23,United States,43,Female,Tablet,1 Month
129,Basic,13,26-02-22,21-11-22,Spain,45,Male,Smartphone,1 Month
130,Standard,11,28-05-22,22-04-23,Australia,28,Female,Smartphone,1 Month
131,Premium,16,11-10-21,06-08-22,United Kingdom,35,Female,Smart TV,1 Month
132,Premium,16,12-04-22,11-05-22,Spain,39,Female,Smart TV,1 Month
133,Premium,16,22-10-21,07-07-22,Canada,26,Male,Smartphone,1 Month
134,Premium,16,28-01-22,26-06-22,United States,28,Female,Smartphone,1 Month
135,Standard,11,07-01-22,04-12-22,Canada,39,Female,Smart TV,1 Month
136,Basic,11,12-10-22,14-11-22,United States,42,Female,Smart TV,1 Month
137,Premium,18,27-02-22,16-12-22,United Kingdom,40,Male,Laptop,1 Month
138,Basic,9,08-09-22,11-11-22,United States,51,Female,Laptop,1 Month
139,Premium,15,13-10-22,14-07-23,Germany,47,Male,Smartphone,1 Month
140,Standard,15,18-09-21,25-03-22,France,47,Female,Smartphone,1 Month
141,Basic,13,17-03-23,17-05-23,Canada,30,Female,Laptop,1 Month
142,Basic,12,27-10-22,27-12-22,Germany,27,Female,Tablet,1 Month
143,Standard,11,13-06-22,14-05-23,United States,45,Female,Smart TV,1 Month
144,Basic,13,07-09-21,27-05-22,United States,42,Female,Tablet,1 Month
145,Premium,18,25-04-22,10-11-22,Mexico,27,Male,Smart TV,1 Month
146,Basic,13,19-03-23,09-07-23,United States,36,Female,Laptop,1 Month
147,Premium,17,19-06-23,22-06-23,France,37,Female,Tablet,1 Month
148,Premium,14,30-03-23,15-07-23,Italy,51,Female,Laptop,1 Month
149,Premium,14,25-11-21,19-05-22,Spain,45,Female,Smart TV,1 Month
150,Standard,15,02-09-22,06-07-23,Spain,34,Male,Laptop,1 Month
151,Basic,13,25-08-22,25-06-23,Germany,48,Female,Smart TV,1 Month
152,Premium,16,17-02-22,31-01-23,Brazil,48,Female,Tablet,1 Month
153,Premium,15,06-10-22,14-07-23,Italy,26,Male,Smart TV,1 Month
154,Basic,10,23-01-22,12-04-22,Spain,48,Female,Smart TV,1 Month
155,Premium,17,16-05-22,05-11-22,Spain,42,Male,Smart TV,1 Month
156,Basic,10,22-10-22,07-05-23,United States,40,Female,Laptop,1 Month
157,Standard,12,28-05-22,07-01-23,United States,37,Female,Smartphone,1 Month
158,Standard,12,05-09-22,10-11-22,Spain,43,Female,Laptop,1 Month
159,Premium,14,04-03-23,25-05-23,Australia,40,Female,Tablet,1 Month
160,Standard,15,20-12-22,10-07-23,Australia,33,Male,Smart TV,1 Month
161,Standard,15,13-01-23,09-07-23,Italy,31,Female,Smartphone,1 Month
162,Basic,13,01-02-22,11-06-22,Brazil,33,Female,Smartphone,1 Month
163,Basic,11,07-04-22,20-11-22,Australia,39,Female,Tablet,1 Month
164,Basic,12,12-12-22,30-04-23,Italy,27,Male,Laptop,1 Month
165,Premium,18,15-08-22,14-04-23,Spain,49,Female,Smart TV,1 Month
166,Standard,15,30-08-22,24-12-22,Mexico,26,Male,Smartphone,1 Month
167,Basic,10,05-10-22,08-03-23,Spain,30,Male,Laptop,1 Month
168,Premium,15,20-02-23,01-07-23,Canada,44,Female,Tablet,1 Month
169,Standard,12,26-02-23,01-05-23,Australia,39,Female,Smartphone,1 Month
170,Standard,15,23-05-22,03-04-23,Canada,43,Male,Tablet,1 Month
171,Standard,11,19-01-22,30-07-22,Italy,40,Female,Tablet,1 Month
172,Basic,10,12-01-23,09-02-23,Canada,38,Female,Tablet,1 Month
173,Premium,17,26-04-23,26-06-23,United States,48,Female,Tablet,1 Month
174,Basic,10,06-04-22,06-05-22,Germany,26,Male,Smartphone,1 Month
175,Basic,10,07-08-22,12-09-22,Italy,40,Female,Smart TV,1 Month
176,Standard,11,12-05-23,15-07-23,Mexico,31,Female,Smart TV,1 Month
177,Basic,12,19-09-22,07-12-22,Australia,31,Female,Tablet,1 Month
178,Premium,16,17-09-21,28-03-22,Italy,26,Male,Tablet,1 Month
179,Premium,17,04-05-22,24-12-22,Spain,38,Female,Laptop,1 Month
180,Basic,10,13-11-22,30-06-23,Spain,36,Male,Smart TV,1 Month
181,Premium,14,22-10-22,12-07-23,France,36,Male,Laptop,1 Month
182,Premium,14,19-03-23,03-07-23,Germany,27,Female,Tablet,1 Month
183,Basic,10,28-03-22,27-07-22,France,34,Male,Laptop,1 Month
184,Premium,16,24-01-22,02-04-22,France,46,Female,Smartphone,1 Month
185,Premium,17,29-03-23,12-07-23,Spain,39,Male,Smartphone,1 Month
186,Standard,15,28-04-22,27-03-23,Spain,28,Female,Smart TV,1 Month
187,Premium,16,22-08-22,03-12-22,Australia,49,Female,Smart TV,1 Month
188,Premium,14,30-04-23,21-06-23,Australia,36,Female,Smartphone,1 Month
189,Premium,18,10-12-22,14-07-23,Spain,31,Female,Smart TV,1 Month
190,Standard,13,18-03-23,23-06-23,France,28,Male,Smartphone,1 Month
191,Standard,11,29-11-21,26-04-22,Spain,41,Female,Tablet,1 Month
192,Premium,14,22-02-23,23-06-23,Australia,42,Female,Smart TV,1 Month
193,Standard,14,04-04-22,17-02-23,Spain,30,Male,Smartphone,1 Month
194,Standard,13,07-03-23,29-05-23,Brazil,48,Male,Laptop,1 Month
195,Standard,13,09-12-21,18-07-22,Canada,48,Female,Tablet,1 Month
196,Standard,11,20-08-22,27-06-23,United States,40,Male,Smart TV,1 Month
197,Basic,12,05-05-23,03-07-23,Australia,33,Male,Laptop,1 Month
198,Premium,16,12-04-22,31-05-22,United States,50,Female,Smart TV,1 Month
199,Standard,15,14-02-22,06-04-22,Canada,44,Female,Smart TV,1 Month
200,Premium,15,22-01-23,13-03-23,Australia,32,Male,Tablet,1 Month
201,Standard,11,23-12-22,23-03-23,Canada,46,Male,Smart TV,1 Month
202,Premium,17,06-02-22,02-06-22,Australia,40,Male,Smartphone,1 Month
203,Premium,16,19-09-22,02-11-22,Australia,27,Male,Tablet,1 Month
204,Basic,10,01-05-22,17-07-22,Spain,47,Female,Smartphone,1 Month
205,Basic,9,12-02-23,01-07-23,Italy,46,Male,Smartphone,1 Month
206,Premium,17,01-09-21,25-11-21,United States,51,Female,Laptop,1 Month
207,Premium,16,06-10-21,22-11-21,Canada,49,Female,Laptop,1 Month
208,Premium,17,27-02-22,08-12-22,Canada,43,Male,Smartphone,1 Month
209,Basic,9,18-09-21,11-09-22,France,39,Male,Laptop,1 Month
210,Basic,11,27-01-22,21-03-22,France,42,Male,Laptop,1 Month
211,Premium,17,23-04-23,03-07-23,France,40,Female,Laptop,1 Month
212,Basic,9,11-02-23,08-06-23,Italy,41,Male,Smartphone,1 Month
213,Premium,14,23-12-22,23-04-23,Brazil,40,Male,Smartphone,1 Month
214,Standard,12,13-07-22,13-09-22,Australia,40,Female,Smart TV,1 Month
215,Basic,11,22-11-21,07-04-22,Australia,44,Male,Smart TV,1 Month
216,Standard,13,04-03-23,25-05-23,United Kingdom,46,Female,Tablet,1 Month
217,Standard,14,22-11-21,22-12-21,United States,49,Male,Smartphone,1 Month
218,Premium,18,12-04-23,03-07-23,United Kingdom,36,Female,Laptop,1 Month
219,Basic,10,26-06-22,14-02-23,Spain,40,Female,Tablet,1 Month
220,Standard,15,22-03-22,17-12-22,United States,49,Female,Tablet,1 Month
221,Standard,11,23-04-23,10-07-23,United Kingdom,49,Male,Tablet,1 Month
222,Premium,17,06-12-22,29-01-23,Spain,47,Male,Smart TV,1 Month
223,Basic,11,11-03-23,07-07-23,Spain,44,Male,Tablet,1 Month
224,Basic,13,28-01-22,17-03-22,Canada,34,Female,Tablet,1 Month
225,Basic,9,09-09-21,20-02-22,Germany,48,Female,Smartphone,1 Month
226,Standard,12,09-03-23,11-07-23,France,26,Male,Tablet,1 Month
227,Basic,9,20-02-23,23-06-23,Canada,38,Male,Smartphone,1 Month
228,Basic,9,16-11-22,20-04-23,Spain,40,Female,Tablet,1 Month
229,Premium,18,07-04-22,05-05-22,Spain,36,Male,Tablet,1 Month
230,Premium,18,11-01-23,10-07-23,Brazil,47,Female,Smartphone,1 Month
231,Standard,11,27-06-22,14-11-22,France,37,Female,Tablet,1 Month
232,Basic,10,31-10-21,21-08-22,United States,33,Male,Laptop,1 Month
233,Basic,12,19-01-23,23-06-23,United Kingdom,47,Male,Laptop,1 Month
234,Basic,10,06-07-22,23-03-23,United Kingdom,27,Male,Smart TV,1 Month
235,Basic,10,01-04-23,07-07-23,Germany,37,Female,Tablet,1 Month
236,Premium,15,11-05-23,10-07-23,United States,46,Female,Tablet,1 Month
237,Premium,15,02-11-22,31-12-22,France,32,Female,Laptop,1 Month
238,Standard,13,03-11-22,14-02-23,Canada,49,Female,Laptop,1 Month
239,Premium,14,14-11-21,02-07-22,United States,35,Female,Smartphone,1 Month
240,Standard,15,24-02-22,07-05-22,United States,33,Female,Tablet,1 Month
241,Standard,12,17-04-23,28-06-23,Australia,36,Female,Smartphone,1 Month
242,Premium,15,26-03-23,22-06-23,Brazil,44,Female,Tablet,1 Month
243,Premium,16,05-08-22,21-06-23,Mexico,41,Female,Smart TV,1 Month
244,Standard,12,06-02-23,28-06-23,Spain,40,Male,Laptop,1 Month
245,Premium,14,23-02-23,02-07-23,Australia,49,Female,Laptop,1 Month
246,Standard,12,04-09-21,06-08-22,Spain,33,Male,Laptop,1 Month
247,Standard,11,01-02-22,06-09-22,Canada,31,Male,Smart TV,1 Month
248,Premium,17,07-02-23,17-06-23,Germany,41,Female,Smartphone,1 Month
249,Premium,18,19-08-22,25-06-23,United States,43,Male,Smart TV,1 Month
250,Basic,12,23-10-22,07-07-23,United States,50,Female,Smart TV,1 Month
251,Basic,11,07-06-23,06-07-23,Brazil,47,Male,Smart TV,1 Month
252,Basic,11,20-02-22,29-09-22,Spain,50,Male,Smartphone,1 Month
253,Premium,16,17-03-22,13-02-23,United Kingdom,47,Female,Tablet,1 Month
254,Premium,18,07-01-23,20-05-23,United States,41,Male,Laptop,1 Month
255,Standard,11,06-01-23,27-06-23,United States,33,Male,Smartphone,1 Month
256,Standard,12,15-01-23,29-05-23,Australia,34,Female,Tablet,1 Month
257,Premium,17,08-10-21,21-08-22,Germany,36,Male,Smart TV,1 Month
258,Basic,12,17-06-22,14-08-22,Australia,37,Male,Smartphone,1 Month
259,Standard,14,18-10-21,29-01-22,United States,50,Male,Smart TV,1 Month
260,Basic,13,17-09-22,17-04-23,Canada,45,Male,Laptop,1 Month
261,Basic,13,12-05-22,07-08-22,Germany,40,Male,Laptop,1 Month
262,Basic,10,27-03-23,28-05-23,United States,40,Female,Tablet,1 Month
263,Standard,13,08-09-22,04-12-22,Italy,40,Male,Tablet,1 Month
264,Premium,18,15-06-22,07-10-22,Canada,27,Female,Laptop,1 Month
265,Standard,13,13-01-23,18-02-23,United States,50,Male,Smartphone,1 Month
266,Standard,11,09-12-21,28-01-22,United States,48,Male,Smartphone,1 Month
267,Premium,16,13-10-22,07-07-23,United States,36,Female,Smart TV,1 Month
268,Premium,16,02-05-22,02-08-22,United States,42,Female,Laptop,1 Month
269,Standard,14,08-12-22,11-06-23,Spain,49,Male,Smart TV,1 Month
270,Premium,17,11-09-21,10-11-21,Mexico,38,Male,Smart TV,1 Month
271,Premium,17,18-04-22,05-02-23,Canada,51,Female,Smart TV,1 Month
272,Basic,13,04-09-21,21-05-22,Spain,29,Female,Smart TV,1 Month
273,Basic,11,19-03-22,23-09-22,Canada,50,Male,Smart TV,1 Month
274,Standard,11,25-01-22,09-11-22,Spain,40,Female,Smart TV,1 Month
275,Basic,12,14-07-22,12-10-22,United States,34,Male,Smart TV,1 Month
276,Standard,12,11-10-21,05-10-22,United Kingdom,51,Male,Laptop,1 Month
277,Premium,18,20-05-22,19-06-22,Australia,46,Female,Tablet,1 Month
278,Basic,11,15-02-23,04-07-23,Canada,47,Female,Smart TV,1 Month
279,Standard,14,20-02-22,09-06-22,Spain,45,Female,Smartphone,1 Month
280,Standard,11,19-01-22,26-11-22,United Kingdom,34,Male,Laptop,1 Month
281,Standard,13,15-08-22,07-04-23,Italy,37,Female,Tablet,1 Month
282,Premium,17,23-03-23,26-06-23,Germany,35,Female,Tablet,1 Month
283,Standard,13,04-10-21,17-02-22,France,28,Female,Smartphone,1 Month
284,Premium,14,25-09-22,18-05-23,Spain,30,Male,Laptop,1 Month
285,Premium,17,06-09-22,10-07-23,Australia,39,Female,Smart TV,1 Month
286,Standard,14,11-02-23,05-07-23,Brazil,31,Female,Smartphone,1 Month
287,Standard,11,24-08-22,16-05-23,Australia,39,Male,Tablet,1 Month
288,Standard,13,18-12-22,09-07-23,United States,27,Female,Smart TV,1 Month
289,Premium,14,06-03-23,24-06-23,Italy,48,Male,Tablet,1 Month
290,Premium,16,04-06-22,22-09-22,Mexico,49,Female,Smartphone,1 Month
291,Premium,14,27-10-21,23-08-22,Spain,29,Female,Smart TV,1 Month
292,Standard,13,21-03-23,11-07-23,Italy,30,Male,Laptop,1 Month
293,Premium,17,02-04-23,28-06-23,United Kingdom,32,Male,Laptop,1 Month
294,Standard,13,18-01-23,09-03-23,France,41,Male,Smartphone,1 Month
295,Basic,9,15-05-23,15-07-23,Mexico,40,Female,Smart TV,1 Month
296,Premium,17,27-10-21,05-02-22,Mexico,38,Female,Tablet,1 Month
297,Standard,15,11-04-22,07-05-22,United States,47,Male,Tablet,1 Month
298,Premium,14,22-02-23,07-07-23,Germany,30,Male,Tablet,1 Month
299,Standard,12,15-12-22,15-05-23,United States,27,Female,Smart TV,1 Month
300,Premium,18,24-09-21,07-03-22,United States,26,Female,Smart TV,1 Month
301,Standard,14,30-04-23,26-06-23,Germany,37,Female,Smart TV,1 Month
302,Standard,11,12-09-22,24-01-23,Germany,43,Female,Laptop,1 Month
303,Basic,10,13-09-22,26-06-23,United States,48,Female,Smartphone,1 Month
304,Standard,12,15-04-23,02-07-23,Canada,34,Male,Smart TV,1 Month
305,Standard,13,01-06-22,07-10-22,Italy,41,Male,Smartphone,1 Month
306,Premium,15,02-12-21,27-01-22,Canada,49,Male,Tablet,1 Month
307,Premium,18,05-03-23,25-04-23,Brazil,44,Female,Tablet,1 Month
308,Basic,10,11-12-22,28-03-23,France,49,Male,Smartphone,1 Month
309,Standard,12,04-05-22,01-04-23,Spain,47,Male,Laptop,1 Month
310,Standard,15,14-08-22,16-10-22,Germany,44,Female,Tablet,1 Month
311,Premium,15,05-10-22,21-03-23,Spain,33,Male,Tablet,1 Month
312,Basic,9,14-02-22,31-03-22,Mexico,40,Male,Smart TV,1 Month
313,Basic,9,06-12-21,19-05-22,Brazil,28,Male,Smart TV,1 Month
314,Premium,18,26-03-22,11-09-22,Canada,32,Male,Tablet,1 Month
315,Premium,15,23-11-21,15-11-22,Canada,26,Male,Smartphone,1 Month
316,Basic,10,14-02-22,18-12-22,France,48,Male,Laptop,1 Month
317,Premium,14,10-12-22,16-02-23,Spain,41,Female,Laptop,1 Month
318,Basic,10,12-05-23,11-07-23,Spain,37,Female,Smart TV,1 Month
319,Basic,9,23-06-22,07-04-23,Spain,49,Female,Laptop,1 Month
320,Standard,14,26-08-22,20-05-23,Australia,40,Male,Smart TV,1 Month
321,Premium,16,10-11-21,01-10-22,Germany,48,Male,Smartphone,1 Month
322,Premium,16,25-04-22,10-02-23,France,50,Female,Laptop,1 Month
323,Premium,18,19-09-22,26-12-22,Spain,45,Female,Laptop,1 Month
324,Standard,14,09-09-22,30-09-22,Brazil,36,Male,Smart TV,1 Month
325,Basic,9,19-02-22,21-11-22,Spain,41,Male,Tablet,1 Month
326,Standard,11,30-12-22,16-02-23,Spain,49,Male,Tablet,1 Month
327,Premium,18,26-02-22,19-09-22,United Kingdom,44,Male,Smart TV,1 Month
328,Premium,16,13-10-21,21-05-22,United States,34,Female,Smart TV,1 Month
329,Premium,14,08-02-23,28-05-23,Australia,38,Female,Tablet,1 Month
330,Standard,14,13-04-23,15-07-23,United States,48,Female,Laptop,1 Month
331,Premium,16,06-11-21,03-06-22,Germany,36,Female,Smartphone,1 Month
332,Premium,14,01-07-22,28-05-23,United States,36,Female,Smart TV,1 Month
333,Standard,12,13-10-21,16-03-22,United Kingdom,47,Female,Tablet,1 Month
334,Standard,11,03-10-22,04-06-23,Mexico,40,Male,Laptop,1 Month
335,Premium,15,04-06-22,22-11-22,France,41,Male,Laptop,1 Month
336,Premium,16,14-12-21,23-06-22,United Kingdom,49,Female,Laptop,1 Month
337,Premium,15,29-03-22,27-02-23,Australia,49,Female,Smart TV,1 Month
338,Standard,14,11-06-22,15-11-22,Brazil,33,Male,Laptop,1 Month
339,Standard,11,17-05-23,06-07-23,Germany,27,Female,Smart TV,1 Month
340,Standard,11,26-10-21,28-11-21,Germany,26,Female,Laptop,1 Month
341,Basic,10,12-04-22,22-03-23,Spain,40,Male,Tablet,1 Month
342,Standard,14,19-10-21,01-07-22,Spain,31,Female,Smart TV,1 Month
343,Standard,13,30-04-23,18-06-23,France,35,Male,Tablet,1 Month
344,Premium,14,11-12-22,13-07-23,France,43,Male,Tablet,1 Month
345,Premium,15,03-03-22,04-05-22,Mexico,38,Female,Smart TV,1 Month
346,Basic,10,06-09-21,15-01-22,United States,47,Female,Laptop,1 Month
347,Standard,12,26-10-22,06-05-23,Australia,30,Female,Smart TV,1 Month
348,Premium,18,09-01-23,20-06-23,United States,47,Female,Smart TV,1 Month
349,Premium,16,07-04-22,27-03-23,Canada,48,Male,Tablet,1 Month
350,Basic,12,26-09-21,24-03-22,Canada,35,Female,Tablet,1 Month
351,Basic,12,08-02-23,08-05-23,Spain,36,Male,Smart TV,1 Month
352,Standard,13,22-10-22,14-02-23,France,41,Male,Tablet,1 Month
353,Premium,17,07-08-22,16-09-22,United Kingdom,40,Male,Laptop,1 Month
354,Basic,9,12-09-22,14-10-22,United States,39,Female,Smart TV,1 Month
355,Basic,11,24-12-21,24-07-22,Germany,51,Female,Laptop,1 Month
356,Basic,12,05-02-22,15-03-22,Brazil,43,Male,Smartphone,1 Month
357,Premium,16,01-03-22,06-07-22,Germany,47,Female,Smart TV,1 Month
358,Premium,14,27-12-22,30-06-23,Australia,31,Female,Smart TV,1 Month
359,Basic,10,11-04-22,05-08-22,Brazil,39,Female,Tablet,1 Month
360,Basic,9,30-06-23,04-07-23,Brazil,41,Male,Smartphone,1 Month
361,Basic,10,12-05-23,29-06-23,Canada,43,Female,Smartphone,1 Month
362,Basic,10,29-11-21,01-09-22,France,38,Female,Smart TV,1 Month
363,Premium,15,05-05-23,12-07-23,Australia,49,Male,Smart TV,1 Month
364,Basic,12,17-12-21,11-04-22,France,38,Female,Tablet,1 Month
365,Basic,11,14-01-22,06-05-22,Australia,34,Male,Tablet,1 Month
366,Standard,11,21-02-23,15-07-23,Germany,33,Female,Smartphone,1 Month
367,Premium,15,17-11-22,24-03-23,Spain,48,Male,Laptop,1 Month
368,Premium,16,19-02-22,02-04-22,Spain,49,Female,Smartphone,1 Month
369,Basic,12,19-11-21,29-01-22,United States,37,Female,Tablet,1 Month
370,Basic,12,22-04-23,28-06-23,Italy,46,Male,Tablet,1 Month
371,Premium,18,29-01-22,02-05-22,Canada,45,Male,Laptop,1 Month
372,Basic,10,09-12-22,15-07-23,Italy,44,Female,Laptop,1 Month
373,Basic,9,19-03-23,20-06-23,United Kingdom,49,Female,Smartphone,1 Month
374,Premium,17,19-03-22,14-03-23,Mexico,36,Female,Smart TV,1 Month
375,Basic,9,09-01-23,06-03-23,Brazil,43,Female,Tablet,1 Month
376,Premium,16,11-09-22,03-07-23,United Kingdom,29,Male,Laptop,1 Month
377,Basic,9,01-09-21,19-12-21,United States,37,Male,Smartphone,1 Month
378,Standard,12,21-03-23,08-07-23,United States,37,Male,Smartphone,1 Month
379,Basic,10,13-05-23,07-07-23,Germany,30,Male,Tablet,1 Month
380,Premium,14,03-04-23,01-07-23,Australia,28,Female,Tablet,1 Month
381,Basic,9,19-08-22,08-04-23,Brazil,36,Male,Smartphone,1 Month
382,Standard,11,23-06-22,12-04-23,United Kingdom,47,Female,Smart TV,1 Month
383,Basic,12,11-05-23,26-06-23,Brazil,37,Female,Smart TV,1 Month
384,Basic,12,18-02-23,15-03-23,Australia,49,Female,Smartphone,1 Month
385,Premium,18,19-02-22,24-06-22,Brazil,47,Female,Tablet,1 Month
386,Standard,12,01-07-22,10-11-22,Brazil,34,Male,Tablet,1 Month
387,Standard,12,23-09-22,22-10-22,Brazil,32,Male,Laptop,1 Month
388,Basic,12,20-07-22,18-12-22,Canada,39,Male,Smartphone,1 Month
389,Premium,14,30-09-22,09-04-23,Mexico,31,Male,Laptop,1 Month
390,Basic,9,23-06-23,15-07-23,Germany,36,Female,Laptop,1 Month
391,Premium,16,14-05-23,21-06-23,Spain,41,Female,Tablet,1 Month
392,Basic,9,12-04-23,08-07-23,Mexico,32,Male,Smart TV,1 Month
393,Basic,10,16-09-21,08-07-22,United States,43,Female,Smart TV,1 Month
394,Premium,18,03-05-22,23-06-22,United States,46,Male,Smart TV,1 Month
395,Basic,11,30-01-22,14-09-22,United States,35,Male,Laptop,1 Month
396,Premium,18,14-07-22,13-03-23,Spain,28,Male,Smart TV,1 Month
397,Basic,11,23-10-22,28-04-23,Australia,37,Male,Tablet,1 Month
398,Standard,15,07-04-22,24-08-22,Spain,46,Male,Smartphone,1 Month
399,Premium,18,11-05-22,07-09-22,United States,50,Male,Smartphone,1 Month
400,Premium,16,12-01-23,08-07-23,Canada,27,Male,Tablet,1 Month
401,Basic,11,01-05-22,14-12-22,Brazil,40,Female,Tablet,1 Month
402,Basic,12,04-06-23,24-06-23,Australia,43,Female,Smartphone,1 Month
403,Standard,13,19-01-23,01-07-23,United States,29,Female,Smartphone,1 Month
404,Standard,15,26-11-22,05-07-23,Canada,44,Female,Smartphone,1 Month
405,Basic,13,04-05-22,29-09-22,United States,40,Female,Smart TV,1 Month
406,Basic,9,30-04-22,16-11-22,United States,33,Male,Smart TV,1 Month
407,Standard,13,13-08-22,22-06-23,France,33,Male,Smart TV,1 Month
408,Premium,14,02-12-22,16-02-23,United States,45,Male,Smart TV,1 Month
409,Basic,12,26-05-22,13-05-23,Canada,36,Male,Laptop,1 Month
410,Premium,16,16-04-23,03-07-23,Spain,42,Female,Smartphone,1 Month
411,Premium,15,04-03-23,14-07-23,Germany,50,Female,Laptop,1 Month
412,Basic,12,16-02-22,19-11-22,Canada,44,Male,Tablet,1 Month
413,Premium,15,09-05-23,11-07-23,Spain,49,Female,Smart TV,1 Month
414,Premium,16,11-06-22,26-03-23,United Kingdom,45,Male,Tablet,1 Month
415,Basic,12,09-08-22,26-10-22,United States,34,Male,Laptop,1 Month
416,Standard,12,09-09-21,14-08-22,Australia,49,Female,Tablet,1 Month
417,Standard,11,15-10-22,05-04-23,United Kingdom,32,Male,Laptop,1 Month
418,Premium,16,12-10-21,13-05-22,Spain,39,Male,Laptop,1 Month
419,Premium,15,18-11-22,26-12-22,Australia,51,Female,Laptop,1 Month
420,Basic,12,17-08-22,05-05-23,France,49,Female,Tablet,1 Month
421,Basic,12,02-02-22,12-04-22,United States,48,Male,Smart TV,1 Month
422,Standard,14,07-01-23,01-06-23,Spain,32,Male,Smart TV,1 Month
423,Basic,10,30-07-22,07-07-23,Spain,47,Male,Smartphone,1 Month
424,Basic,10,07-06-23,04-07-23,Canada,29,Male,Tablet,1 Month
425,Basic,12,09-12-22,07-02-23,Spain,33,Female,Laptop,1 Month
426,Standard,11,04-05-22,09-09-22,France,37,Male,Smart TV,1 Month
427,Premium,18,14-05-22,05-06-22,Germany,34,Female,Smart TV,1 Month
428,Standard,14,20-06-22,11-05-23,Australia,35,Male,Smart TV,1 Month
429,Standard,13,20-10-21,24-09-22,United States,27,Female,Smartphone,1 Month
430,Standard,14,03-03-22,18-08-22,United States,40,Female,Smart TV,1 Month
431,Standard,11,11-03-22,17-05-22,Mexico,29,Male,Smartphone,1 Month
432,Basic,12,18-11-21,17-09-22,United Kingdom,46,Female,Smart TV,1 Month
433,Standard,15,17-04-23,24-05-23,United Kingdom,30,Female,Laptop,1 Month
434,Basic,9,09-08-22,10-09-22,Germany,29,Female,Smartphone,1 Month
435,Premium,15,10-09-22,27-02-23,Spain,29,Female,Tablet,1 Month
436,Standard,12,27-01-22,06-07-22,Spain,36,Male,Smartphone,1 Month
437,Standard,15,03-01-23,20-06-23,United Kingdom,42,Female,Laptop,1 Month
438,Basic,12,25-09-22,22-10-22,United States,39,Male,Tablet,1 Month
439,Basic,12,18-11-22,23-12-22,Canada,45,Female,Laptop,1 Month
440,Standard,12,12-02-22,10-01-23,France,34,Male,Laptop,1 Month
441,Standard,13,29-08-22,09-02-23,Canada,46,Male,Tablet,1 Month
442,Standard,11,25-11-22,25-05-23,Mexico,31,Female,Tablet,1 Month
443,Basic,10,20-06-23,01-07-23,Canada,44,Female,Smart TV,1 Month
444,Premium,17,01-01-22,06-02-22,United Kingdom,44,Female,Smartphone,1 Month
445,Basic,11,06-06-22,17-11-22,United Kingdom,30,Female,Smartphone,1 Month
446,Standard,15,13-02-23,08-07-23,Canada,32,Female,Smartphone,1 Month
447,Premium,18,23-11-22,22-06-23,Canada,46,Male,Laptop,1 Month
448,Standard,14,10-06-23,27-06-23,Spain,37,Male,Smart TV,1 Month
449,Premium,15,11-05-22,06-03-23,United Kingdom,35,Female,Smart TV,1 Month
450,Standard,12,11-04-22,10-11-22,Canada,43,Female,Tablet,1 Month
451,Basic,10,06-05-23,24-06-23,United States,32,Female,Tablet,1 Month
452,Standard,15,09-06-22,07-01-23,Mexico,29,Female,Smartphone,1 Month
453,Basic,10,08-02-23,02-07-23,United Kingdom,49,Male,Tablet,1 Month
454,Premium,17,09-11-21,16-09-22,Australia,43,Female,Tablet,1 Month
455,Basic,12,23-02-22,28-11-22,Spain,44,Female,Smartphone,1 Month
456,Premium,14,16-03-22,21-10-22,Canada,38,Male,Smart TV,1 Month
457,Standard,12,30-03-23,14-07-23,United States,49,Female,Smart TV,1 Month
458,Basic,10,07-01-23,24-03-23,Germany,34,Male,Laptop,1 Month
459,Standard,14,21-02-23,03-07-23,United States,46,Female,Laptop,1 Month
460,Standard,14,01-04-23,06-07-23,Spain,28,Female,Smartphone,1 Month
461,Premium,16,17-01-23,27-03-23,Canada,45,Male,Tablet,1 Month
462,Basic,12,06-01-22,29-04-22,France,34,Female,Laptop,1 Month
463,Standard,11,27-12-22,09-04-23,Spain,44,Male,Smart TV,1 Month
464,Basic,11,09-01-22,18-09-22,Canada,38,Male,Smart TV,1 Month
465,Premium,14,31-08-22,02-02-23,Germany,47,Male,Tablet,1 Month
466,Premium,18,10-06-22,18-05-23,Germany,50,Male,Laptop,1 Month
467,Basic,9,26-08-22,13-05-23,Spain,35,Male,Smart TV,1 Month
468,Premium,15,19-01-23,23-06-23,Spain,37,Male,Smart TV,1 Month
469,Premium,14,24-06-22,19-06-23,Germany,47,Female,Laptop,1 Month
470,Standard,14,09-02-23,17-05-23,United States,49,Male,Laptop,1 Month
471,Basic,13,10-08-22,20-05-23,United States,36,Female,Smartphone,1 Month
472,Premium,18,28-01-22,30-03-22,United Kingdom,34,Female,Smartphone,1 Month
473,Basic,13,21-11-22,21-04-23,Brazil,40,Male,Tablet,1 Month
474,Basic,10,16-11-21,25-02-22,Brazil,38,Female,Smartphone,1 Month
475,Premium,17,13-10-21,02-05-22,United Kingdom,26,Male,Smartphone,1 Month
476,Standard,15,23-11-21,11-11-22,United States,43,Male,Smartphone,1 Month
477,Basic,11,02-11-21,18-12-21,France,42,Male,Tablet,1 Month
478,Basic,11,01-11-21,23-01-22,United States,45,Male,Smartphone,1 Month
479,Standard,15,31-05-22,23-09-22,Spain,47,Female,Tablet,1 Month
480,Basic,11,25-01-23,02-07-23,United States,42,Male,Laptop,1 Month
481,Basic,10,07-10-21,03-03-22,Canada,47,Female,Laptop,1 Month
482,Basic,12,05-08-22,21-12-22,United Kingdom,48,Female,Smart TV,1 Month
483,Standard,15,04-02-23,22-04-23,Mexico,43,Male,Tablet,1 Month
484,Basic,12,02-03-22,28-06-22,France,47,Female,Smartphone,1 Month
485,Standard,12,12-11-21,12-09-22,Australia,28,Male,Tablet,1 Month
486,Basic,12,02-04-23,11-06-23,Brazil,34,Female,Laptop,1 Month
487,Standard,13,13-10-21,21-01-22,United States,36,Male,Laptop,1 Month
488,Premium,18,19-12-22,05-02-23,United Kingdom,47,Female,Smart TV,1 Month
489,Premium,17,31-05-22,04-02-23,Mexico,42,Male,Smartphone,1 Month
490,Basic,10,07-08-22,18-03-23,Australia,50,Female,Smartphone,1 Month
491,Standard,13,13-07-22,06-10-22,Australia,40,Female,Smart TV,1 Month
492,Standard,15,26-10-22,25-12-22,United States,40,Male,Laptop,1 Month
493,Basic,12,24-01-23,01-07-23,Canada,49,Male,Smartphone,1 Month
494,Premium,15,09-12-21,29-03-22,Canada,28,Female,Tablet,1 Month
495,Basic,9,11-12-21,22-01-22,Canada,51,Female,Smartphone,1 Month
496,Basic,11,26-07-22,05-06-23,Italy,43,Male,Laptop,1 Month
497,Standard,12,01-07-22,01-02-23,Canada,42,Female,Smart TV,1 Month
498,Standard,11,22-01-23,20-06-23,United States,26,Male,Tablet,1 Month
499,Standard,12,25-12-22,26-05-23,United Kingdom,39,Female,Smart TV,1 Month
500,Basic,12,20-12-22,19-01-23,United States,48,Female,Smartphone,1 Month
501,Standard,14,03-12-21,06-07-22,Italy,43,Male,Laptop,1 Month
502,Basic,10,30-12-22,22-06-23,Australia,38,Female,Laptop,1 Month
503,Premium,14,21-12-22,29-01-23,Germany,39,Female,Smart TV,1 Month
504,Basic,12,01-03-22,14-01-23,Germany,37,Male,Smart TV,1 Month
505,Standard,14,02-11-21,28-10-22,United Kingdom,29,Male,Laptop,1 Month
506,Basic,13,27-10-22,17-02-23,Brazil,31,Male,Laptop,1 Month
507,Basic,10,21-03-22,27-01-23,Canada,33,Female,Smart TV,1 Month
508,Basic,9,18-12-21,08-10-22,Mexico,35,Male,Smartphone,1 Month
509,Standard,12,19-01-22,24-10-22,United States,28,Female,Smartphone,1 Month
510,Standard,15,30-11-21,06-01-22,Canada,33,Female,Smartphone,1 Month
511,Standard,15,28-04-22,11-09-22,United States,51,Female,Smart TV,1 Month
512,Basic,10,25-05-23,12-07-23,Canada,37,Male,Smartphone,1 Month
513,Premium,16,28-05-22,11-12-22,United States,26,Female,Tablet,1 Month
514,Premium,15,08-11-21,27-07-22,United Kingdom,43,Male,Smart TV,1 Month
515,Standard,15,25-05-23,05-07-23,United Kingdom,47,Male,Tablet,1 Month
516,Standard,14,01-06-23,05-07-23,Mexico,38,Male,Smart TV,1 Month
517,Standard,11,05-09-22,08-06-23,Brazil,47,Female,Laptop,1 Month
518,Basic,9,09-08-22,11-07-23,United States,41,Male,Smartphone,1 Month
519,Basic,11,17-08-22,13-04-23,Spain,44,Female,Smartphone,1 Month
520,Standard,15,20-03-23,29-06-23,Germany,30,Female,Tablet,1 Month
521,Standard,15,28-12-22,11-07-23,Spain,40,Female,Smartphone,1 Month
522,Standard,11,14-08-22,09-12-22,United Kingdom,31,Male,Tablet,1 Month
523,Premium,17,10-12-22,24-02-23,Spain,43,Male,Smart TV,1 Month
524,Standard,11,25-12-22,13-07-23,United Kingdom,31,Male,Tablet,1 Month
525,Standard,13,30-03-22,29-12-22,Germany,39,Male,Tablet,1 Month
526,Premium,17,30-05-22,05-10-22,Germany,49,Female,Tablet,1 Month
527,Basic,9,24-12-21,25-09-22,United States,33,Female,Smartphone,1 Month
528,Basic,11,27-02-23,26-06-23,Spain,35,Female,Tablet,1 Month
529,Basic,12,12-12-21,19-08-22,Brazil,48,Male,Smartphone,1 Month
530,Standard,14,12-04-22,21-12-22,United States,33,Female,Smartphone,1 Month
531,Basic,10,13-10-22,05-06-23,United States,40,Female,Tablet,1 Month
532,Basic,13,09-03-23,11-07-23,Australia,38,Female,Smart TV,1 Month
533,Standard,15,29-09-21,19-08-22,Germany,49,Female,Tablet,1 Month
534,Basic,11,25-06-23,10-07-23,Spain,33,Male,Smart TV,1 Month
535,Standard,14,27-12-22,30-05-23,Spain,48,Female,Tablet,1 Month
536,Standard,11,12-12-21,10-09-22,Spain,40,Male,Smart TV,1 Month
537,Premium,15,20-03-22,16-09-22,United Kingdom,27,Female,Tablet,1 Month
538,Standard,12,20-04-23,24-06-23,Germany,33,Male,Smart TV,1 Month
539,Premium,14,04-08-22,15-09-22,Germany,49,Female,Smartphone,1 Month
540,Basic,10,02-09-22,08-12-22,Spain,38,Female,Smart TV,1 Month
541,Standard,14,18-03-23,30-06-23,United States,33,Female,Smart TV,1 Month
542,Premium,16,14-01-22,12-08-22,Australia,43,Male,Tablet,1 Month
543,Basic,13,01-01-23,22-06-23,France,39,Male,Smartphone,1 Month
544,Basic,9,05-01-23,02-07-23,Canada,40,Male,Tablet,1 Month
545,Standard,15,07-01-22,28-08-22,Canada,32,Female,Smart TV,1 Month
546,Basic,12,22-04-23,29-06-23,Mexico,26,Male,Tablet,1 Month
547,Premium,16,29-10-22,07-07-23,Spain,28,Female,Tablet,1 Month
548,Standard,12,17-10-22,03-06-23,United Kingdom,48,Female,Smart TV,1 Month
549,Premium,14,26-07-22,09-10-22,Canada,36,Female,Smartphone,1 Month
550,Standard,11,01-06-23,24-06-23,Italy,31,Male,Tablet,1 Month
551,Basic,11,17-10-22,06-12-22,United States,38,Male,Tablet,1 Month
552,Premium,14,02-12-22,12-05-23,Spain,29,Female,Smartphone,1 Month
553,Premium,16,04-12-21,28-01-22,Canada,38,Male,Smartphone,1 Month
554,Premium,15,12-05-22,11-07-22,Canada,49,Female,Tablet,1 Month
555,Standard,11,12-05-23,11-07-23,United States,49,Male,Tablet,1 Month
556,Premium,14,03-12-21,21-10-22,Germany,28,Female,Tablet,1 Month
557,Standard,13,19-10-21,01-04-22,Australia,34,Female,Smart TV,1 Month
558,Premium,14,20-12-21,02-09-22,Mexico,32,Male,Smart TV,1 Month
559,Standard,14,02-06-23,27-06-23,United Kingdom,35,Male,Laptop,1 Month
560,Basic,10,26-08-22,03-07-23,Mexico,43,Male,Smart TV,1 Month
561,Premium,18,21-10-22,20-06-23,Spain,40,Male,Laptop,1 Month
562,Premium,16,16-08-22,02-07-23,Spain,35,Female,Laptop,1 Month
563,Premium,14,14-04-22,03-01-23,Germany,26,Female,Smart TV,1 Month
564,Standard,15,21-10-21,21-02-22,Spain,29,Male,Tablet,1 Month
565,Standard,13,27-10-22,05-07-23,United States,38,Male,Laptop,1 Month
566,Basic,9,06-05-23,05-07-23,Germany,28,Female,Smart TV,1 Month
567,Premium,17,18-02-23,29-06-23,Canada,31,Female,Laptop,1 Month
568,Premium,18,01-03-22,28-06-22,France,45,Male,Smart TV,1 Month
569,Standard,12,27-05-22,27-09-22,United Kingdom,48,Male,Smart TV,1 Month
570,Basic,11,13-01-22,14-02-22,Australia,46,Male,Laptop,1 Month
571,Basic,12,24-10-21,14-09-22,Spain,47,Male,Laptop,1 Month
572,Premium,16,23-05-23,20-06-23,Canada,45,Male,Smartphone,1 Month
573,Premium,17,15-09-21,09-03-22,Italy,30,Male,Smartphone,1 Month
574,Standard,14,27-11-22,10-02-23,United Kingdom,35,Female,Tablet,1 Month
575,Premium,16,10-05-22,21-12-22,Italy,40,Female,Laptop,1 Month
576,Standard,13,09-02-22,12-04-22,United States,32,Male,Laptop,1 Month
577,Standard,14,20-12-21,14-02-22,Australia,49,Male,Tablet,1 Month
578,Standard,11,24-06-22,08-10-22,Canada,44,Female,Laptop,1 Month
579,Standard,15,09-08-22,07-02-23,France,40,Female,Laptop,1 Month
580,Standard,12,14-02-23,27-03-23,Spain,34,Female,Smart TV,1 Month
581,Standard,11,14-12-22,28-03-23,Australia,27,Male,Tablet,1 Month
582,Premium,16,22-07-22,04-10-22,United States,35,Male,Smartphone,1 Month
583,Standard,12,03-05-22,25-10-22,France,35,Female,Smartphone,1 Month
584,Premium,14,09-10-21,20-11-21,United States,46,Female,Tablet,1 Month
585,Basic,13,30-10-22,03-07-23,Australia,32,Female,Tablet,1 Month
586,Basic,12,30-04-22,22-04-23,United States,51,Female,Smartphone,1 Month
587,Standard,11,23-04-23,30-06-23,Germany,28,Female,Smartphone,1 Month
588,Standard,11,15-11-21,09-05-22,Australia,30,Male,Tablet,1 Month
589,Standard,15,19-06-23,29-06-23,United States,50,Female,Smart TV,1 Month
590,Premium,14,29-06-22,18-09-22,Spain,28,Male,Tablet,1 Month
591,Premium,14,23-10-22,26-03-23,Brazil,27,Female,Smartphone,1 Month
592,Basic,9,18-11-22,10-07-23,United States,31,Male,Smart TV,1 Month
593,Standard,12,18-09-22,13-11-22,Spain,28,Male,Smartphone,1 Month
594,Basic,12,12-07-22,18-12-22,Spain,44,Female,Tablet,1 Month
595,Basic,12,09-03-23,26-06-23,Italy,49,Male,Smart TV,1 Month
596,Basic,10,25-04-23,04-07-23,Germany,37,Female,Smartphone,1 Month
597,Standard,13,29-09-21,09-11-21,United States,51,Female,Smart TV,1 Month
598,Basic,12,08-08-22,03-06-23,United Kingdom,39,Male,Smart TV,1 Month
599,Basic,10,20-04-22,07-11-22,Spain,42,Male,Tablet,1 Month
600,Premium,15,20-10-22,26-06-23,Spain,43,Female,Laptop,1 Month
601,Premium,17,13-06-22,11-12-22,Mexico,51,Female,Smartphone,1 Month
602,Basic,13,24-11-22,30-12-22,Germany,29,Male,Smart TV,1 Month
603,Basic,12,29-06-23,02-07-23,France,46,Male,Tablet,1 Month
604,Premium,16,12-02-23,04-04-23,United States,32,Female,Smart TV,1 Month
605,Standard,15,21-03-23,28-04-23,Spain,50,Female,Smartphone,1 Month
606,Basic,11,09-11-21,27-01-22,United Kingdom,45,Female,Smartphone,1 Month
607,Standard,11,26-05-23,10-07-23,Australia,35,Female,Tablet,1 Month
608,Basic,9,11-01-22,23-12-22,Spain,43,Male,Smart TV,1 Month
609,Basic,9,10-10-22,06-01-23,France,49,Male,Laptop,1 Month
610,Standard,15,13-05-23,04-07-23,Australia,40,Male,Smartphone,1 Month
611,Standard,11,19-09-22,22-06-23,France,41,Male,Tablet,1 Month
612,Premium,15,07-02-23,25-03-23,Spain,41,Female,Smartphone,1 Month
613,Premium,17,20-03-23,26-06-23,Germany,32,Female,Smart TV,1 Month
614,Premium,14,11-03-22,11-07-22,Germany,28,Male,Laptop,1 Month
615,Basic,11,23-01-22,03-09-22,Canada,40,Female,Tablet,1 Month
616,Premium,15,17-03-23,08-07-23,France,28,Female,Laptop,1 Month
617,Basic,12,09-09-22,04-10-22,Canada,35,Female,Smart TV,1 Month
618,Standard,13,19-06-22,11-06-23,United States,42,Male,Laptop,1 Month
619,Basic,9,19-12-22,26-03-23,United States,48,Male,Smartphone,1 Month
620,Standard,15,13-07-22,14-06-23,United States,48,Female,Laptop,1 Month
621,Premium,16,07-03-23,09-07-23,Canada,50,Female,Laptop,1 Month
622,Standard,14,04-02-23,27-06-23,United Kingdom,46,Male,Smart TV,1 Month
623,Standard,14,28-03-22,15-06-22,France,51,Male,Smart TV,1 Month
624,Premium,17,06-06-23,02-07-23,Spain,50,Female,Tablet,1 Month
625,Standard,15,08-01-23,09-06-23,France,45,Male,Smart TV,1 Month
626,Standard,12,12-11-21,07-08-22,Canada,29,Male,Smart TV,1 Month
627,Premium,14,14-04-22,10-04-23,Brazil,29,Male,Smartphone,1 Month
628,Premium,18,03-04-22,06-09-22,United States,26,Male,Smartphone,1 Month
629,Basic,13,08-11-22,03-05-23,Italy,45,Female,Smart TV,1 Month
630,Basic,12,27-11-21,09-01-22,France,50,Female,Tablet,1 Month
631,Standard,14,28-09-21,04-06-22,Brazil,46,Female,Tablet,1 Month
632,Basic,11,12-10-21,05-11-21,United States,32,Male,Smart TV,1 Month
633,Standard,12,20-03-22,12-08-22,Italy,46,Female,Smartphone,1 Month
634,Standard,12,25-06-22,30-09-22,United Kingdom,36,Male,Smart TV,1 Month
635,Premium,16,12-01-23,04-02-23,Brazil,51,Male,Smartphone,1 Month
636,Premium,17,13-04-22,18-12-22,Mexico,37,Female,Tablet,1 Month
637,Basic,11,17-03-22,15-04-22,France,50,Female,Smartphone,1 Month
638,Basic,9,13-07-22,12-01-23,United States,29,Female,Tablet,1 Month
639,Basic,13,20-09-21,12-09-22,Germany,45,Male,Smart TV,1 Month
640,Basic,13,05-03-22,18-11-22,Canada,46,Female,Smartphone,1 Month
641,Premium,14,25-02-22,17-11-22,Australia,29,Male,Smartphone,1 Month
642,Premium,14,22-09-21,13-05-22,Australia,39,Male,Smartphone,1 Month
643,Standard,12,22-02-23,11-07-23,United States,50,Male,Smart TV,1 Month
644,Basic,9,01-06-22,16-03-23,Spain,40,Female,Smart TV,1 Month
645,Standard,15,05-06-23,12-07-23,Brazil,40,Male,Tablet,1 Month
646,Basic,10,10-08-22,10-10-22,Australia,38,Male,Smart TV,1 Month
647,Premium,16,11-01-22,09-06-22,France,34,Female,Laptop,1 Month
648,Basic,13,22-01-22,08-08-22,United Kingdom,40,Female,Smartphone,1 Month
649,Premium,14,16-06-23,08-07-23,Australia,43,Male,Smartphone,1 Month
650,Standard,13,26-07-22,22-06-23,Italy,31,Female,Smartphone,1 Month
651,Basic,12,04-11-22,25-01-23,United States,30,Male,Tablet,1 Month
652,Premium,14,14-02-22,28-12-22,Spain,36,Male,Smartphone,1 Month
653,Standard,11,28-07-22,08-11-22,Germany,46,Male,Tablet,1 Month
654,Basic,9,17-09-22,24-12-22,United States,44,Male,Tablet,1 Month
655,Premium,17,26-09-22,24-06-23,Spain,36,Female,Tablet,1 Month
656,Basic,10,03-02-22,06-08-22,Germany,33,Male,Smart TV,1 Month
657,Basic,12,27-06-22,07-05-23,Australia,45,Male,Tablet,1 Month
658,Premium,16,04-10-21,24-12-21,Australia,50,Female,Tablet,1 Month
659,Standard,15,19-04-23,02-07-23,United Kingdom,46,Male,Laptop,1 Month
660,Standard,13,24-10-22,21-06-23,Germany,50,Female,Laptop,1 Month
661,Basic,13,15-04-23,21-06-23,France,43,Female,Laptop,1 Month
662,Standard,15,02-11-22,28-06-23,Australia,44,Male,Tablet,1 Month
663,Basic,11,03-02-22,23-03-22,Brazil,27,Female,Smart TV,1 Month
664,Premium,16,08-05-23,21-06-23,Germany,36,Female,Smart TV,1 Month
665,Standard,11,13-12-22,03-06-23,United States,50,Male,Smartphone,1 Month
666,Standard,14,30-03-22,20-06-22,Spain,45,Male,Smart TV,1 Month
667,Basic,11,07-05-23,07-07-23,United Kingdom,47,Female,Smartphone,1 Month
668,Standard,15,19-09-22,16-12-22,United States,41,Male,Smartphone,1 Month
669,Basic,11,07-07-22,30-06-23,Australia,30,Female,Laptop,1 Month
670,Basic,12,17-10-21,25-03-22,United Kingdom,49,Male,Smartphone,1 Month
671,Standard,14,08-08-22,20-12-22,Canada,34,Female,Tablet,1 Month
672,Basic,12,19-02-22,29-03-22,Germany,39,Male,Tablet,1 Month
673,Basic,12,16-02-22,17-05-22,Spain,46,Female,Tablet,1 Month
674,Premium,18,17-02-22,14-06-22,Canada,39,Male,Smartphone,1 Month
675,Standard,14,27-09-22,30-01-23,France,36,Female,Smartphone,1 Month
676,Premium,17,03-03-22,07-09-22,Canada,34,Male,Smartphone,1 Month
677,Basic,9,10-11-22,05-01-23,Spain,47,Female,Smartphone,1 Month
678,Standard,11,10-04-23,26-06-23,Spain,35,Female,Smartphone,1 Month
679,Standard,11,11-05-22,10-05-23,Spain,45,Male,Laptop,1 Month
680,Standard,12,14-01-22,30-12-22,Canada,30,Female,Tablet,1 Month
681,Standard,12,24-07-22,02-12-22,Canada,41,Female,Laptop,1 Month
682,Standard,14,20-02-23,06-07-23,Australia,41,Male,Laptop,1 Month
683,Premium,17,04-01-23,06-02-23,Germany,36,Female,Smartphone,1 Month
684,Basic,12,05-02-22,15-06-22,Mexico,33,Female,Laptop,1 Month
685,Standard,12,25-05-23,15-07-23,United States,28,Male,Smartphone,1 Month
686,Premium,15,27-03-23,11-05-23,Spain,49,Female,Tablet,1 Month
687,Basic,9,16-10-21,04-04-22,United States,35,Male,Smart TV,1 Month
688,Premium,16,20-04-23,20-06-23,France,29,Male,Smart TV,1 Month
689,Standard,14,03-10-21,21-06-22,United Kingdom,36,Female,Smartphone,1 Month
690,Premium,15,24-04-22,29-10-22,Spain,45,Male,Smartphone,1 Month
691,Standard,13,24-05-23,07-07-23,Brazil,45,Female,Tablet,1 Month
692,Premium,18,05-01-23,07-07-23,Canada,38,Female,Smart TV,1 Month
693,Standard,11,22-06-23,29-06-23,United States,36,Female,Smart TV,1 Month
694,Basic,9,08-03-22,07-12-22,France,30,Male,Smartphone,1 Month
695,Basic,13,04-09-21,25-12-21,Brazil,33,Male,Smart TV,1 Month
696,Standard,11,15-12-22,19-03-23,Spain,35,Female,Tablet,1 Month
697,Basic,12,20-04-23,22-06-23,United Kingdom,51,Female,Smartphone,1 Month
698,Basic,13,04-09-21,17-05-22,United States,48,Male,Smartphone,1 Month
699,Premium,15,21-09-21,25-12-21,Mexico,31,Female,Laptop,1 Month
700,Premium,14,09-02-22,01-12-22,Spain,26,Female,Smartphone,1 Month
701,Basic,11,10-06-23,14-07-23,Brazil,50,Female,Tablet,1 Month
702,Basic,11,12-03-22,25-12-22,France,45,Male,Laptop,1 Month
703,Premium,18,13-01-23,28-06-23,Canada,35,Male,Laptop,1 Month
704,Standard,11,18-08-22,14-09-22,Australia,49,Male,Laptop,1 Month
705,Standard,12,11-10-22,27-04-23,Brazil,26,Female,Smartphone,1 Month
706,Premium,15,28-10-21,12-12-21,Australia,42,Male,Tablet,1 Month
707,Basic,10,10-06-23,26-06-23,Canada,27,Male,Laptop,1 Month
708,Basic,9,12-04-22,31-08-22,Spain,34,Female,Laptop,1 Month
709,Basic,10,27-10-22,18-02-23,United States,38,Female,Laptop,1 Month
710,Standard,13,19-02-23,11-05-23,France,51,Female,Smart TV,1 Month
711,Premium,15,11-07-22,22-03-23,Spain,36,Male,Tablet,1 Month
712,Basic,12,01-11-22,31-01-23,Spain,51,Female,Smart TV,1 Month
713,Premium,18,21-09-21,17-11-21,Mexico,42,Female,Smartphone,1 Month
714,Standard,13,30-01-22,18-10-22,Canada,27,Female,Smartphone,1 Month
715,Basic,13,18-10-22,19-01-23,Germany,44,Male,Tablet,1 Month
716,Standard,12,26-06-23,07-07-23,United States,37,Female,Tablet,1 Month
717,Standard,11,22-08-22,14-07-23,United States,27,Male,Laptop,1 Month
718,Standard,14,30-04-22,18-03-23,United Kingdom,27,Male,Tablet,1 Month
719,Premium,18,08-12-22,04-06-23,United States,27,Female,Smartphone,1 Month
720,Basic,11,09-04-23,20-06-23,Australia,43,Male,Laptop,1 Month
721,Basic,11,03-07-22,28-07-22,Mexico,41,Male,Laptop,1 Month
722,Standard,14,09-08-22,20-02-23,Spain,34,Female,Smartphone,1 Month
723,Basic,10,22-08-22,25-01-23,Brazil,37,Female,Tablet,1 Month
724,Premium,17,17-02-22,07-04-22,Brazil,43,Female,Smartphone,1 Month
725,Basic,11,09-03-23,05-07-23,Spain,42,Female,Smartphone,1 Month
726,Standard,11,31-03-22,10-01-23,Mexico,26,Male,Smart TV,1 Month
727,Premium,15,31-12-22,17-04-23,Australia,45,Female,Smart TV,1 Month
728,Basic,11,15-09-21,13-10-21,Italy,26,Male,Laptop,1 Month
729,Basic,11,26-03-23,23-06-23,United States,43,Male,Laptop,1 Month
730,Standard,11,11-10-21,01-01-22,United States,43,Female,Smart TV,1 Month
731,Premium,18,15-04-22,07-12-22,United States,32,Female,Smart TV,1 Month
732,Standard,13,21-10-21,21-03-22,Germany,34,Female,Tablet,1 Month
733,Premium,15,21-02-23,25-06-23,Spain,34,Female,Smart TV,1 Month
734,Basic,12,21-11-21,22-08-22,Germany,41,Female,Tablet,1 Month
735,Basic,13,29-06-22,05-11-22,Australia,40,Male,Smart TV,1 Month
736,Premium,15,13-07-22,17-10-22,Australia,31,Female,Smart TV,1 Month
737,Premium,16,15-12-21,20-05-22,United States,44,Male,Tablet,1 Month
738,Premium,14,27-10-22,10-03-23,Australia,45,Female,Laptop,1 Month
739,Basic,11,02-10-22,23-06-23,France,45,Male,Laptop,1 Month
740,Premium,15,27-05-22,01-08-22,Mexico,30,Male,Smart TV,1 Month
741,Premium,16,17-04-22,12-04-23,Italy,47,Male,Tablet,1 Month
742,Standard,12,22-04-23,25-06-23,United Kingdom,47,Male,Smart TV,1 Month
743,Basic,11,28-01-23,24-06-23,Spain,38,Male,Smart TV,1 Month
744,Standard,13,16-04-23,24-06-23,France,35,Female,Tablet,1 Month
745,Basic,9,05-04-23,04-07-23,United Kingdom,27,Male,Tablet,1 Month
746,Basic,9,19-07-22,20-06-23,Italy,41,Female,Laptop,1 Month
747,Basic,11,22-06-23,08-07-23,Canada,40,Male,Smartphone,1 Month
748,Premium,16,06-02-23,13-07-23,United States,47,Female,Laptop,1 Month
749,Premium,14,12-06-23,21-06-23,Mexico,35,Female,Smartphone,1 Month
750,Premium,15,13-03-22,01-06-22,Spain,36,Female,Smartphone,1 Month
751,Premium,16,02-09-22,24-02-23,Italy,26,Male,Tablet,1 Month
752,Basic,9,02-08-22,16-03-23,Australia,46,Male,Smart TV,1 Month
753,Standard,13,01-06-22,16-02-23,Australia,31,Male,Smartphone,1 Month
754,Premium,18,20-02-23,15-07-23,France,36,Female,Laptop,1 Month
755,Standard,13,26-08-22,24-04-23,United Kingdom,37,Female,Laptop,1 Month
756,Standard,14,22-02-22,09-05-22,France,51,Female,Smartphone,1 Month
757,Premium,17,30-12-22,02-03-23,Brazil,45,Male,Smartphone,1 Month
758,Basic,11,09-01-23,07-07-23,United States,28,Female,Tablet,1 Month
759,Standard,15,03-08-22,28-04-23,Canada,51,Male,Smartphone,1 Month
760,Standard,14,25-03-22,25-07-22,Germany,50,Male,Smart TV,1 Month
761,Standard,12,16-08-22,18-01-23,France,26,Male,Smartphone,1 Month
762,Basic,12,30-07-22,08-07-23,Brazil,44,Male,Smartphone,1 Month
763,Basic,12,11-01-22,27-12-22,United Kingdom,38,Male,Smart TV,1 Month
764,Standard,15,12-05-22,18-01-23,Australia,46,Male,Laptop,1 Month
765,Basic,9,30-08-22,13-07-23,Spain,40,Female,Tablet,1 Month
766,Basic,9,02-09-21,26-09-21,France,44,Female,Smartphone,1 Month
767,Basic,12,21-09-22,01-05-23,Mexico,44,Male,Smart TV,1 Month
768,Premium,18,12-04-22,07-09-22,Spain,34,Female,Smart TV,1 Month
769,Standard,12,23-08-22,16-01-23,Spain,46,Male,Tablet,1 Month
770,Premium,18,13-09-22,28-03-23,Canada,38,Female,Tablet,1 Month
771,Premium,16,26-06-23,04-07-23,United Kingdom,48,Male,Smart TV,1 Month
772,Standard,11,18-07-22,18-09-22,Brazil,31,Male,Smartphone,1 Month
773,Standard,11,18-11-22,01-07-23,Germany,34,Male,Smartphone,1 Month
774,Basic,11,02-02-22,26-09-22,Spain,50,Male,Smartphone,1 Month
775,Basic,9,14-07-22,15-01-23,Canada,46,Female,Smart TV,1 Month
776,Standard,14,21-05-22,05-02-23,Brazil,40,Female,Tablet,1 Month
777,Basic,12,08-01-23,11-07-23,Italy,36,Male,Laptop,1 Month
778,Basic,13,23-12-22,25-01-23,Brazil,50,Male,Laptop,1 Month
779,Basic,11,20-07-22,15-04-23,United Kingdom,34,Female,Tablet,1 Month
780,Premium,18,11-12-21,22-01-22,United Kingdom,27,Female,Smart TV,1 Month
781,Premium,17,05-01-22,07-07-22,Australia,44,Male,Tablet,1 Month
782,Basic,13,08-01-22,13-06-22,Spain,29,Male,Smart TV,1 Month
783,Premium,16,05-09-21,17-11-21,Mexico,42,Female,Tablet,1 Month
784,Basic,9,12-02-22,30-05-22,Australia,40,Male,Smart TV,1 Month
785,Standard,12,27-08-22,03-04-23,France,48,Female,Smartphone,1 Month
786,Standard,13,24-10-22,26-06-23,Canada,47,Female,Tablet,1 Month
787,Premium,15,22-06-23,01-07-23,Australia,37,Female,Smart TV,1 Month
788,Standard,12,13-05-22,11-07-22,Spain,30,Male,Smartphone,1 Month
789,Standard,12,20-02-22,11-04-22,Spain,41,Female,Smartphone,1 Month
790,Basic,13,27-01-23,15-07-23,United States,33,Female,Smartphone,1 Month
791,Premium,17,21-05-23,27-06-23,Australia,38,Male,Smart TV,1 Month
792,Standard,15,06-04-22,26-02-23,Spain,45,Female,Tablet,1 Month
793,Standard,13,18-11-22,20-06-23,Brazil,27,Male,Laptop,1 Month
794,Standard,11,14-06-23,22-06-23,France,28,Male,Tablet,1 Month
795,Basic,13,09-10-22,11-04-23,Mexico,47,Male,Laptop,1 Month
796,Premium,16,21-05-22,05-12-22,Spain,37,Male,Smart TV,1 Month
797,Premium,15,17-05-23,11-07-23,United States,27,Male,Smart TV,1 Month
798,Basic,13,24-09-21,07-01-22,Germany,29,Female,Laptop,1 Month
799,Basic,9,25-07-22,01-11-22,United States,42,Male,Smart TV,1 Month
800,Standard,12,12-03-23,09-07-23,Brazil,34,Male,Smartphone,1 Month
801,Standard,14,21-02-22,09-04-22,Spain,29,Male,Smart TV,1 Month
802,Standard,12,13-09-22,19-03-23,Mexico,45,Female,Smartphone,1 Month
803,Premium,18,06-04-22,01-02-23,Germany,37,Male,Smartphone,1 Month
804,Standard,11,02-05-23,10-07-23,Spain,51,Female,Tablet,1 Month
805,Premium,17,07-03-22,27-06-22,Germany,26,Male,Smartphone,1 Month
806,Standard,14,06-02-23,01-04-23,Canada,33,Male,Smart TV,1 Month
807,Premium,15,13-05-23,05-07-23,Canada,45,Female,Smartphone,1 Month
808,Basic,10,12-11-22,09-12-22,United States,28,Male,Smart TV,1 Month
809,Basic,13,07-09-22,07-11-22,Brazil,33,Female,Smart TV,1 Month
810,Basic,13,06-04-22,09-07-22,Canada,51,Male,Laptop,1 Month
811,Standard,11,20-09-22,26-03-23,Mexico,47,Female,Laptop,1 Month
812,Basic,12,21-08-22,14-03-23,Brazil,42,Female,Laptop,1 Month
813,Premium,18,03-04-23,11-07-23,United States,48,Female,Tablet,1 Month
814,Basic,10,12-09-21,02-05-22,Mexico,32,Female,Smart TV,1 Month
815,Standard,13,28-03-22,22-06-22,United States,33,Female,Smart TV,1 Month
816,Premium,16,25-12-21,01-07-22,Spain,44,Female,Smartphone,1 Month
817,Premium,14,18-06-22,14-12-22,Canada,27,Male,Laptop,1 Month
818,Standard,14,08-04-23,01-07-23,Canada,26,Female,Laptop,1 Month
819,Premium,17,20-09-21,11-06-22,Germany,48,Male,Smart TV,1 Month
820,Premium,16,17-12-21,06-08-22,Spain,37,Male,Tablet,1 Month
821,Premium,17,30-08-22,29-06-23,Spain,36,Female,Smartphone,1 Month
822,Premium,16,17-10-21,17-08-22,United Kingdom,46,Male,Smartphone,1 Month
823,Premium,14,05-04-23,14-07-23,Spain,38,Male,Smartphone,1 Month
824,Standard,11,13-06-22,30-07-22,France,45,Male,Smart TV,1 Month
825,Standard,12,27-01-23,21-04-23,Germany,51,Female,Smartphone,1 Month
826,Standard,14,04-02-23,06-03-23,United Kingdom,38,Female,Laptop,1 Month
827,Premium,18,02-01-22,17-05-22,United Kingdom,44,Male,Smart TV,1 Month
828,Standard,15,21-11-22,24-12-22,Mexico,44,Female,Smart TV,1 Month
829,Premium,16,23-08-22,09-01-23,Mexico,46,Male,Tablet,1 Month
830,Standard,14,02-03-22,23-02-23,United Kingdom,46,Male,Smartphone,1 Month
831,Basic,10,16-02-22,29-08-22,Brazil,39,Male,Tablet,1 Month
832,Premium,15,14-01-22,16-06-22,Germany,38,Female,Smartphone,1 Month
833,Standard,13,29-01-22,23-03-22,Brazil,44,Male,Smart TV,1 Month
834,Basic,9,09-05-22,23-12-22,United States,41,Male,Laptop,1 Month
835,Basic,11,27-10-21,13-03-22,Spain,31,Female,Smart TV,1 Month
836,Premium,15,29-04-22,29-01-23,Spain,31,Male,Tablet,1 Month
837,Standard,13,27-06-22,24-07-22,United States,31,Male,Smart TV,1 Month
838,Standard,11,18-09-21,30-10-21,Australia,42,Male,Laptop,1 Month
839,Premium,15,14-11-21,07-08-22,United States,28,Female,Laptop,1 Month
840,Basic,10,14-12-22,06-02-23,Spain,31,Female,Smartphone,1 Month
841,Standard,13,14-11-22,01-01-23,Canada,33,Male,Smartphone,1 Month
842,Standard,12,17-06-23,22-06-23,France,46,Male,Tablet,1 Month
843,Standard,11,27-07-22,13-05-23,Germany,26,Male,Laptop,1 Month
844,Premium,15,25-01-23,03-07-23,United Kingdom,45,Female,Tablet,1 Month
845,Premium,14,11-01-22,05-11-22,Australia,29,Male,Tablet,1 Month
846,Premium,15,15-06-22,27-02-23,Canada,47,Female,Tablet,1 Month
847,Standard,14,26-09-21,03-11-21,Canada,44,Female,Laptop,1 Month
848,Premium,14,03-04-23,05-07-23,France,42,Female,Laptop,1 Month
849,Standard,11,19-11-22,28-12-22,United Kingdom,38,Female,Smart TV,1 Month
850,Basic,13,26-12-21,18-05-22,United Kingdom,48,Female,Smart TV,1 Month
851,Premium,17,11-11-21,16-04-22,United States,51,Male,Smartphone,1 Month
852,Basic,10,19-04-22,29-08-22,Spain,43,Male,Laptop,1 Month
853,Standard,14,04-05-22,13-08-22,Spain,46,Female,Smart TV,1 Month
854,Premium,16,22-06-22,09-08-22,United Kingdom,32,Female,Smartphone,1 Month
855,Premium,16,12-11-22,13-04-23,Germany,29,Female,Tablet,1 Month
856,Standard,15,06-03-22,29-11-22,Spain,26,Female,Laptop,1 Month
857,Basic,12,04-03-22,27-10-22,Germany,41,Male,Smartphone,1 Month
858,Basic,13,27-09-22,28-05-23,United States,26,Female,Smartphone,1 Month
859,Basic,9,17-04-23,20-06-23,United States,29,Male,Tablet,1 Month
860,Standard,13,05-04-23,09-07-23,United States,41,Female,Laptop,1 Month
861,Standard,14,20-08-22,26-11-22,Australia,35,Male,Smart TV,1 Month
862,Basic,12,30-07-22,20-11-22,Australia,38,Male,Tablet,1 Month
863,Premium,15,07-04-22,01-06-22,Canada,33,Female,Smart TV,1 Month
864,Premium,14,24-12-22,23-06-23,Italy,28,Female,Smartphone,1 Month
865,Standard,11,02-03-23,07-07-23,France,41,Female,Laptop,1 Month
866,Premium,15,19-02-23,08-06-23,Spain,39,Female,Laptop,1 Month
867,Standard,14,17-01-23,27-02-23,United Kingdom,37,Male,Laptop,1 Month
868,Basic,13,14-06-23,07-07-23,Mexico,49,Male,Smart TV,1 Month
869,Premium,15,20-11-22,03-06-23,Spain,47,Female,Smartphone,1 Month
870,Standard,12,29-10-21,24-06-22,Brazil,34,Male,Tablet,1 Month
871,Premium,16,05-12-22,27-06-23,Germany,27,Female,Smart TV,1 Month
872,Premium,14,19-03-23,08-07-23,Mexico,47,Female,Smart TV,1 Month
873,Basic,13,27-02-22,07-06-22,France,50,Female,Smart TV,1 Month
874,Standard,11,12-07-22,03-12-22,Canada,50,Female,Laptop,1 Month
875,Standard,12,30-12-22,12-07-23,Mexico,30,Male,Laptop,1 Month
876,Premium,14,06-09-22,16-06-23,Canada,34,Male,Tablet,1 Month
877,Premium,18,17-06-22,23-03-23,United Kingdom,26,Male,Smartphone,1 Month
878,Premium,16,13-04-23,10-07-23,Germany,33,Male,Smart TV,1 Month
879,Standard,12,15-02-23,24-06-23,France,51,Male,Smartphone,1 Month
880,Standard,12,14-01-22,11-03-22,Italy,37,Female,Tablet,1 Month
881,Premium,15,15-12-22,14-07-23,Italy,33,Female,Smartphone,1 Month
882,Basic,13,31-07-22,14-02-23,Australia,38,Female,Tablet,1 Month
883,Standard,15,17-10-22,23-05-23,Germany,26,Female,Smart TV,1 Month
884,Standard,12,21-05-22,19-02-23,Spain,51,Female,Smart TV,1 Month
885,Basic,13,22-12-21,11-05-22,Canada,26,Female,Smartphone,1 Month
886,Basic,11,10-03-23,15-07-23,Mexico,47,Male,Tablet,1 Month
887,Basic,11,16-05-22,02-03-23,United Kingdom,51,Male,Tablet,1 Month
888,Basic,10,02-06-23,12-07-23,Spain,35,Male,Tablet,1 Month
889,Basic,13,19-06-22,30-07-22,Spain,49,Female,Laptop,1 Month
890,Premium,14,16-11-21,15-05-22,Australia,50,Female,Laptop,1 Month
891,Standard,14,16-07-22,25-11-22,United States,37,Male,Laptop,1 Month
892,Basic,9,12-10-22,25-12-22,Canada,36,Male,Smartphone,1 Month
893,Premium,18,20-10-21,02-08-22,United Kingdom,32,Female,Smartphone,1 Month
894,Basic,10,10-11-22,25-04-23,Australia,33,Male,Smart TV,1 Month
895,Premium,14,09-12-22,04-07-23,Australia,49,Male,Smartphone,1 Month
896,Basic,10,08-10-21,19-03-22,Canada,33,Male,Smart TV,1 Month
897,Standard,15,30-10-21,01-12-21,Germany,32,Female,Tablet,1 Month
898,Basic,12,01-07-22,30-11-22,France,27,Female,Smart TV,1 Month
899,Premium,17,28-06-22,24-10-22,Mexico,27,Male,Tablet,1 Month
900,Premium,15,27-01-22,04-01-23,Italy,29,Male,Smart TV,1 Month
901,Standard,13,31-03-23,02-07-23,Spain,28,Female,Smart TV,1 Month
902,Premium,17,26-10-21,12-07-22,Brazil,51,Female,Tablet,1 Month
903,Basic,9,03-11-22,23-01-23,United States,27,Male,Smart TV,1 Month
904,Standard,11,25-12-22,16-03-23,Spain,30,Female,Smartphone,1 Month
905,Standard,12,08-02-23,11-03-23,United States,37,Female,Laptop,1 Month
906,Standard,13,14-03-22,27-06-22,Mexico,34,Female,Laptop,1 Month
907,Premium,17,06-11-21,21-04-22,United States,35,Male,Smart TV,1 Month
908,Standard,12,15-08-22,01-04-23,United Kingdom,27,Female,Laptop,1 Month
909,Basic,10,16-06-23,20-06-23,United States,40,Female,Laptop,1 Month
910,Premium,15,01-06-23,09-07-23,Spain,35,Female,Smartphone,1 Month
911,Standard,14,01-11-22,14-02-23,Italy,48,Male,Smartphone,1 Month
912,Premium,17,02-02-23,26-06-23,France,40,Male,Tablet,1 Month
913,Basic,10,26-03-23,15-07-23,France,42,Female,Smartphone,1 Month
914,Premium,17,01-09-21,28-03-22,United States,28,Male,Tablet,1 Month
915,Basic,13,27-11-21,15-06-22,United Kingdom,51,Female,Smart TV,1 Month
916,Premium,15,25-06-22,01-09-22,Australia,42,Male,Smartphone,1 Month
917,Standard,13,27-05-22,18-06-22,Australia,43,Male,Smartphone,1 Month
918,Premium,17,04-02-23,26-06-23,Germany,38,Female,Smartphone,1 Month
919,Basic,11,27-03-23,02-07-23,Australia,26,Male,Laptop,1 Month
920,Basic,10,14-10-22,12-07-23,Canada,37,Female,Smartphone,1 Month
921,Premium,16,12-03-23,06-07-23,Australia,27,Female,Laptop,1 Month
922,Premium,16,15-09-22,08-12-22,Mexico,43,Female,Smartphone,1 Month
923,Basic,9,11-06-22,28-12-22,Australia,48,Male,Smartphone,1 Month
924,Basic,13,13-09-21,04-09-22,Spain,29,Male,Smart TV,1 Month
925,Basic,13,22-06-22,03-06-23,United Kingdom,41,Female,Tablet,1 Month
926,Premium,16,04-12-21,09-07-22,France,51,Female,Smart TV,1 Month
927,Standard,13,31-03-22,30-11-22,Australia,47,Female,Tablet,1 Month
928,Basic,10,26-12-21,06-05-22,Canada,44,Female,Smartphone,1 Month
929,Premium,14,14-01-22,08-06-22,Spain,29,Male,Smart TV,1 Month
930,Premium,18,02-09-21,16-03-22,Canada,42,Male,Laptop,1 Month
931,Basic,10,05-03-22,12-08-22,Canada,32,Female,Smart TV,1 Month
932,Premium,17,07-03-22,04-10-22,France,39,Male,Smartphone,1 Month
933,Premium,14,09-05-22,04-08-22,United States,26,Female,Smart TV,1 Month
934,Basic,11,22-04-23,12-07-23,United States,27,Female,Smart TV,1 Month
935,Premium,15,14-06-23,25-06-23,United States,47,Male,Smartphone,1 Month
936,Standard,11,14-09-22,19-10-22,Mexico,35,Female,Tablet,1 Month
937,Premium,17,08-04-22,28-11-22,Spain,32,Female,Laptop,1 Month
938,Standard,12,09-03-22,12-07-22,Australia,42,Male,Laptop,1 Month
939,Basic,9,15-05-22,28-10-22,Canada,34,Female,Smart TV,1 Month
940,Standard,11,01-09-22,13-02-23,Italy,31,Male,Tablet,1 Month
941,Basic,13,31-10-21,15-08-22,Germany,26,Male,Laptop,1 Month
942,Standard,12,06-06-23,30-06-23,France,29,Female,Tablet,1 Month
943,Basic,13,22-09-22,20-02-23,Australia,29,Male,Laptop,1 Month
944,Standard,12,10-05-22,12-12-22,Italy,38,Male,Smartphone,1 Month
945,Premium,17,09-05-22,25-08-22,United States,51,Male,Laptop,1 Month
946,Basic,13,13-11-21,06-09-22,United States,47,Male,Smartphone,1 Month
947,Premium,14,24-09-21,22-05-22,United Kingdom,29,Female,Tablet,1 Month
948,Standard,12,02-05-22,07-01-23,France,36,Female,Tablet,1 Month
949,Basic,11,29-04-23,01-07-23,France,51,Male,Tablet,1 Month
950,Basic,12,30-01-23,29-03-23,Canada,29,Male,Smartphone,1 Month
951,Premium,14,19-12-22,14-03-23,Canada,47,Male,Tablet,1 Month
952,Premium,18,14-11-22,13-07-23,Brazil,32,Female,Tablet,1 Month
953,Basic,11,21-04-23,07-07-23,Canada,45,Female,Smartphone,1 Month
954,Premium,15,13-09-22,15-06-23,Australia,47,Male,Tablet,1 Month
955,Basic,10,13-04-22,20-05-22,Italy,38,Male,Tablet,1 Month
956,Premium,17,17-05-22,22-08-22,United Kingdom,28,Female,Laptop,1 Month
957,Premium,18,03-03-23,10-07-23,United States,29,Female,Tablet,1 Month
958,Premium,18,05-02-22,03-07-22,United States,33,Female,Smart TV,1 Month
959,Premium,18,12-02-23,14-07-23,Mexico,49,Male,Smart TV,1 Month
960,Basic,12,26-07-22,29-06-23,United Kingdom,29,Female,Smartphone,1 Month
961,Premium,17,08-08-22,29-09-22,Spain,45,Male,Smart TV,1 Month
962,Basic,12,20-01-23,13-06-23,Spain,43,Female,Laptop,1 Month
963,Premium,18,17-11-21,12-06-22,Germany,40,Male,Smart TV,1 Month
964,Standard,11,05-03-22,21-05-22,France,37,Male,Smartphone,1 Month
965,Standard,11,15-05-23,13-06-23,Brazil,43,Female,Smartphone,1 Month
966,Basic,12,18-12-22,29-06-23,Brazil,35,Male,Laptop,1 Month
967,Basic,9,22-04-22,19-04-23,Brazil,27,Male,Tablet,1 Month
968,Premium,17,10-05-23,14-07-23,Spain,40,Male,Tablet,1 Month
969,Basic,10,24-10-21,23-06-22,Germany,48,Male,Laptop,1 Month
970,Standard,12,13-01-22,05-02-22,France,28,Male,Tablet,1 Month
971,Premium,16,06-01-22,14-03-22,Mexico,27,Female,Laptop,1 Month
972,Premium,18,10-09-21,01-11-21,France,47,Male,Tablet,1 Month
973,Standard,11,04-04-22,05-01-23,Australia,51,Female,Smart TV,1 Month
974,Standard,13,23-03-22,21-12-22,France,30,Female,Smartphone,1 Month
975,Premium,17,26-11-21,02-01-22,Brazil,26,Female,Tablet,1 Month
976,Standard,14,06-05-23,25-06-23,Canada,51,Female,Laptop,1 Month
977,Premium,18,07-02-23,23-06-23,Germany,27,Male,Smart TV,1 Month
978,Premium,18,26-06-23,30-06-23,Canada,30,Male,Smartphone,1 Month
979,Premium,14,25-07-22,07-04-23,United States,46,Female,Smartphone,1 Month
980,Standard,15,29-10-21,06-05-22,Canada,51,Female,Tablet,1 Month
981,Standard,12,12-08-22,28-01-23,Brazil,32,Male,Laptop,1 Month
982,Standard,15,05-04-22,13-02-23,United States,49,Male,Tablet,1 Month
983,Basic,9,19-09-22,27-01-23,Spain,34,Female,Laptop,1 Month
984,Standard,15,30-01-22,03-05-22,Brazil,40,Female,Tablet,1 Month
985,Basic,10,07-04-23,11-07-23,United States,48,Male,Tablet,1 Month
986,Basic,12,27-12-22,07-02-23,United States,29,Female,Laptop,1 Month
987,Premium,18,10-10-21,26-11-21,Brazil,34,Female,Smart TV,1 Month
988,Premium,15,25-09-21,28-11-21,United Kingdom,42,Male,Smartphone,1 Month
989,Standard,11,17-09-22,28-11-22,Mexico,31,Female,Laptop,1 Month
990,Standard,13,14-12-21,31-10-22,Mexico,42,Female,Smart TV,1 Month
991,Standard,12,06-12-22,24-06-23,United States,51,Male,Laptop,1 Month
992,Premium,16,31-05-22,23-05-23,Germany,40,Female,Smart TV,1 Month
993,Premium,18,29-07-22,28-12-22,Spain,36,Female,Tablet,1 Month
994,Standard,11,13-05-22,07-06-22,United States,50,Female,Laptop,1 Month
995,Premium,16,10-09-21,15-05-22,Mexico,34,Male,Smart TV,1 Month
996,Premium,18,01-10-21,24-08-22,Brazil,28,Female,Laptop,1 Month
997,Basic,11,24-02-22,08-10-22,Canada,40,Male,Laptop,1 Month
998,Basic,11,31-01-23,23-06-23,United Kingdom,30,Female,Smartphone,1 Month
999,Basic,12,28-01-22,05-04-22,United States,50,Female,Smartphone,1 Month
1000,Standard,12,26-09-21,28-06-22,Australia,34,Male,Smartphone,1 Month
1001,Premium,18,09-09-21,01-01-22,Germany,40,Female,Tablet,1 Month
1002,Basic,11,16-10-22,02-07-23,Spain,28,Female,Tablet,1 Month
1003,Basic,11,27-04-23,14-07-23,Brazil,51,Female,Laptop,1 Month
1004,Standard,12,22-01-23,24-06-23,Canada,33,Female,Smartphone,1 Month
1005,Premium,17,21-02-23,21-03-23,United States,29,Male,Laptop,1 Month
1006,Premium,14,11-11-22,12-07-23,Germany,36,Male,Laptop,1 Month
1007,Premium,17,01-01-23,14-07-23,Australia,47,Female,Laptop,1 Month
1008,Basic,12,23-06-22,21-02-23,Australia,38,Female,Tablet,1 Month
1009,Premium,18,12-11-21,10-05-22,Canada,47,Male,Smart TV,1 Month
1010,Basic,12,08-10-21,19-12-21,Australia,39,Female,Smartphone,1 Month
1011,Premium,16,15-10-21,30-12-21,Italy,27,Female,Tablet,1 Month
1012,Standard,11,11-05-23,13-07-23,Australia,47,Female,Smartphone,1 Month
1013,Basic,13,23-05-22,24-11-22,Australia,47,Female,Laptop,1 Month
1014,Basic,11,16-04-23,28-06-23,Canada,51,Female,Laptop,1 Month
1015,Basic,10,30-05-22,20-02-23,United States,26,Female,Smartphone,1 Month
1016,Premium,15,14-08-22,06-04-23,Spain,36,Male,Laptop,1 Month
1017,Standard,14,19-07-22,24-11-22,United States,33,Male,Tablet,1 Month
1018,Premium,16,18-09-21,23-10-21,United States,46,Male,Smartphone,1 Month
1019,Premium,15,06-10-21,02-01-22,Australia,50,Male,Smart TV,1 Month
1020,Standard,14,31-03-22,07-10-22,Germany,50,Female,Laptop,1 Month
1021,Standard,11,14-12-22,01-07-23,Germany,48,Male,Tablet,1 Month
1022,Premium,18,06-11-22,09-12-22,United States,26,Male,Smartphone,1 Month
1023,Basic,12,27-12-22,19-05-23,Australia,37,Male,Smart TV,1 Month
1024,Basic,13,04-07-22,01-09-22,Italy,39,Male,Laptop,1 Month
1025,Premium,17,04-09-22,01-04-23,United Kingdom,27,Male,Smartphone,1 Month
1026,Premium,15,01-10-21,03-07-22,United Kingdom,44,Male,Smartphone,1 Month
1027,Basic,12,05-04-22,29-05-22,Italy,46,Female,Smart TV,1 Month
1028,Basic,12,07-06-22,30-06-22,Spain,40,Female,Tablet,1 Month
1029,Premium,14,01-03-23,13-07-23,Spain,27,Male,Smart TV,1 Month
1030,Standard,15,01-03-23,08-07-23,Spain,50,Male,Tablet,1 Month
1031,Standard,13,05-06-22,03-05-23,Mexico,49,Female,Smartphone,1 Month
1032,Standard,12,16-06-23,07-07-23,Spain,50,Female,Smart TV,1 Month
1033,Premium,14,19-08-22,27-05-23,Spain,26,Male,Tablet,1 Month
1034,Standard,12,13-02-22,07-06-22,Mexico,50,Male,Smartphone,1 Month
1035,Premium,18,02-02-22,29-07-22,United States,46,Male,Tablet,1 Month
1036,Standard,15,21-09-22,07-07-23,Brazil,46,Female,Tablet,1 Month
1037,Basic,13,20-02-23,14-07-23,France,43,Female,Smartphone,1 Month
1038,Premium,16,01-11-22,23-05-23,Germany,33,Male,Laptop,1 Month
1039,Premium,15,14-09-21,06-02-22,France,40,Female,Tablet,1 Month
1040,Standard,14,09-09-21,02-03-22,United States,35,Female,Smartphone,1 Month
1041,Premium,18,14-12-22,14-07-23,Germany,43,Male,Laptop,1 Month
1042,Standard,12,04-04-22,03-03-23,United Kingdom,33,Male,Laptop,1 Month
1043,Basic,9,23-04-23,09-07-23,Spain,43,Female,Tablet,1 Month
1044,Basic,9,28-02-22,06-01-23,United States,49,Female,Laptop,1 Month
1045,Standard,13,29-11-22,13-07-23,Spain,44,Female,Smart TV,1 Month
1046,Basic,9,18-12-21,01-12-22,United Kingdom,30,Male,Smartphone,1 Month
1047,Standard,11,18-08-22,29-06-23,Spain,43,Male,Smart TV,1 Month
1048,Premium,17,11-02-22,24-09-22,Germany,27,Female,Smartphone,1 Month
1049,Premium,15,28-05-23,24-06-23,Australia,51,Female,Laptop,1 Month
1050,Basic,9,03-12-21,05-01-22,Spain,30,Female,Smart TV,1 Month
1051,Standard,13,20-05-22,16-11-22,Australia,39,Female,Smartphone,1 Month
1052,Basic,13,27-01-22,18-12-22,Canada,28,Male,Tablet,1 Month
1053,Premium,15,23-04-22,15-04-23,Mexico,47,Male,Smart TV,1 Month
1054,Premium,18,11-02-23,26-06-23,Australia,42,Female,Smartphone,1 Month
1055,Standard,11,07-07-22,01-08-22,Australia,38,Female,Smartphone,1 Month
1056,Standard,14,23-01-23,24-06-23,Spain,43,Male,Laptop,1 Month
1057,Standard,12,17-09-21,06-02-22,Italy,47,Male,Smartphone,1 Month
1058,Standard,12,17-12-22,09-03-23,Italy,31,Female,Laptop,1 Month
1059,Standard,12,13-09-21,15-08-22,Spain,32,Male,Tablet,1 Month
1060,Basic,12,18-09-22,23-06-23,United States,44,Female,Smart TV,1 Month
1061,Standard,11,17-02-23,24-06-23,Canada,37,Female,Tablet,1 Month
1062,Standard,11,20-02-22,13-01-23,France,42,Male,Laptop,1 Month
1063,Basic,13,18-10-22,26-12-22,United States,42,Female,Tablet,1 Month
1064,Standard,14,06-03-22,20-11-22,Germany,49,Male,Smartphone,1 Month
1065,Standard,13,28-07-22,14-04-23,France,50,Male,Smart TV,1 Month
1066,Basic,12,20-03-22,20-03-23,Australia,27,Female,Tablet,1 Month
1067,Standard,15,21-10-22,14-07-23,France,27,Male,Tablet,1 Month
1068,Premium,14,12-05-23,13-07-23,France,28,Male,Smart TV,1 Month
1069,Premium,14,10-06-23,08-07-23,Spain,47,Female,Smartphone,1 Month
1070,Basic,12,31-05-23,06-07-23,Spain,45,Male,Smart TV,1 Month
1071,Standard,13,25-04-23,01-07-23,Germany,26,Female,Smart TV,1 Month
1072,Premium,16,28-02-23,28-06-23,Germany,44,Male,Smartphone,1 Month
1073,Standard,12,01-05-23,05-07-23,Canada,43,Female,Smartphone,1 Month
1074,Basic,9,11-02-22,27-09-22,United States,42,Female,Smartphone,1 Month
1075,Basic,11,14-01-23,27-05-23,United Kingdom,27,Male,Smart TV,1 Month
1076,Premium,16,08-03-23,01-07-23,United States,48,Male,Tablet,1 Month
1077,Premium,17,19-05-23,04-07-23,Spain,27,Male,Laptop,1 Month
1078,Basic,11,03-05-23,14-07-23,Canada,45,Male,Smart TV,1 Month
1079,Premium,15,01-03-22,30-04-22,Mexico,37,Female,Smart TV,1 Month
1080,Standard,15,06-07-22,18-08-22,United Kingdom,28,Female,Smartphone,1 Month
1081,Standard,12,21-12-22,21-06-23,Australia,38,Male,Smartphone,1 Month
1082,Basic,11,13-08-22,21-10-22,United Kingdom,43,Female,Smartphone,1 Month
1083,Basic,13,21-01-23,01-07-23,France,49,Female,Smartphone,1 Month
1084,Basic,9,22-08-22,05-02-23,Spain,44,Female,Smartphone,1 Month
1085,Premium,17,21-01-22,03-11-22,Canada,35,Female,Smart TV,1 Month
1086,Basic,12,03-03-23,14-07-23,Canada,29,Female,Smart TV,1 Month
1087,Premium,14,12-06-22,06-08-22,Canada,28,Female,Smartphone,1 Month
1088,Premium,14,07-06-22,24-11-22,Brazil,39,Male,Smartphone,1 Month
1089,Premium,18,23-09-22,11-06-23,United States,43,Male,Smart TV,1 Month
1090,Standard,13,18-09-22,25-11-22,United States,36,Male,Smartphone,1 Month
1091,Basic,12,25-07-22,14-09-22,United States,26,Male,Smart TV,1 Month
1092,Premium,14,26-12-21,05-07-22,Spain,43,Male,Tablet,1 Month
1093,Standard,12,25-11-21,17-06-22,Canada,41,Male,Smart TV,1 Month
1094,Premium,14,02-07-22,23-04-23,United Kingdom,40,Male,Smartphone,1 Month
1095,Standard,12,03-04-23,29-06-23,Australia,29,Male,Smart TV,1 Month
1096,Basic,11,12-02-23,19-05-23,Mexico,31,Male,Smartphone,1 Month
1097,Basic,9,23-08-22,30-09-22,France,29,Female,Smartphone,1 Month
1098,Standard,12,26-10-22,09-07-23,Italy,50,Male,Smartphone,1 Month
1099,Standard,11,06-01-23,07-07-23,Spain,33,Male,Tablet,1 Month
1100,Basic,10,13-12-22,23-06-23,Brazil,28,Male,Smart TV,1 Month
1101,Standard,15,30-10-21,26-07-22,Australia,36,Female,Smart TV,1 Month
1102,Basic,10,07-09-22,23-06-23,Spain,26,Male,Laptop,1 Month
1103,Basic,9,12-06-23,11-07-23,Spain,51,Male,Smartphone,1 Month
1104,Standard,14,28-04-22,09-12-22,United States,39,Male,Smart TV,1 Month
1105,Standard,15,02-12-21,15-05-22,United Kingdom,45,Male,Smartphone,1 Month
1106,Premium,18,09-06-22,08-06-23,Mexico,30,Female,Tablet,1 Month
1107,Premium,18,07-06-23,06-07-23,Mexico,49,Male,Tablet,1 Month
1108,Standard,14,11-07-22,14-04-23,Spain,51,Male,Tablet,1 Month
1109,Basic,9,10-07-22,20-05-23,Canada,32,Female,Smart TV,1 Month
1110,Premium,16,26-10-21,19-08-22,Germany,40,Male,Laptop,1 Month
1111,Basic,10,22-09-22,10-07-23,United States,36,Male,Laptop,1 Month
1112,Basic,12,23-03-22,14-07-22,Canada,34,Female,Smart TV,1 Month
1113,Basic,11,27-10-21,20-04-22,Mexico,48,Male,Tablet,1 Month
1114,Basic,10,16-09-21,17-06-22,United States,39,Female,Smartphone,1 Month
1115,Basic,9,30-11-22,02-07-23,Italy,42,Male,Smartphone,1 Month
1116,Basic,13,17-02-22,10-12-22,United States,43,Female,Smart TV,1 Month
1117,Standard,14,10-12-22,15-03-23,Mexico,39,Male,Smart TV,1 Month
1118,Basic,9,15-11-21,11-05-22,Spain,32,Female,Smart TV,1 Month
1119,Premium,18,10-01-23,12-02-23,Mexico,39,Male,Smartphone,1 Month
1120,Basic,9,02-04-23,11-07-23,Germany,42,Female,Laptop,1 Month
1121,Premium,17,16-01-22,24-02-22,Spain,28,Female,Laptop,1 Month
1122,Basic,13,27-04-23,22-06-23,Spain,30,Female,Smartphone,1 Month
1123,Basic,13,08-10-22,14-07-23,France,34,Female,Tablet,1 Month
1124,Standard,13,29-06-22,16-10-22,Spain,43,Male,Smartphone,1 Month
1125,Basic,10,09-12-21,14-04-22,United States,35,Male,Smart TV,1 Month
1126,Standard,13,02-05-23,09-07-23,Spain,42,Female,Smartphone,1 Month
1127,Premium,16,18-09-21,03-05-22,Spain,41,Female,Laptop,1 Month
1128,Premium,18,14-05-23,07-07-23,United States,50,Female,Smart TV,1 Month
1129,Standard,13,11-03-22,14-10-22,United Kingdom,39,Male,Smart TV,1 Month
1130,Basic,9,19-02-23,02-06-23,Australia,44,Male,Smart TV,1 Month
1131,Basic,9,16-01-23,20-02-23,France,39,Male,Laptop,1 Month
1132,Standard,11,31-05-23,20-06-23,United States,28,Male,Smartphone,1 Month
1133,Premium,15,10-09-22,05-04-23,Canada,35,Male,Tablet,1 Month
1134,Basic,9,21-02-23,02-07-23,United Kingdom,48,Female,Smart TV,1 Month
1135,Standard,11,01-07-22,18-01-23,Germany,40,Male,Tablet,1 Month
1136,Premium,17,30-01-23,09-07-23,France,40,Male,Laptop,1 Month
1137,Basic,10,02-04-22,18-03-23,United Kingdom,49,Female,Smart TV,1 Month
1138,Basic,13,10-05-23,07-07-23,Spain,34,Female,Tablet,1 Month
1139,Standard,12,13-10-22,14-11-22,Mexico,32,Male,Smartphone,1 Month
1140,Basic,12,12-12-22,29-06-23,Spain,27,Male,Laptop,1 Month
1141,Basic,10,28-08-22,13-01-23,France,36,Female,Tablet,1 Month
1142,Standard,13,16-05-22,02-11-22,United Kingdom,43,Female,Laptop,1 Month
1143,Basic,10,11-12-22,23-05-23,United States,38,Female,Smart TV,1 Month
1144,Premium,15,04-01-22,17-05-22,United States,47,Female,Laptop,1 Month
1145,Premium,17,28-02-22,24-02-23,France,28,Male,Tablet,1 Month
1146,Basic,10,29-01-22,25-08-22,Spain,29,Male,Smart TV,1 Month
1147,Standard,14,15-02-22,27-10-22,Spain,47,Male,Smartphone,1 Month
1148,Premium,17,18-12-22,08-07-23,Spain,36,Male,Laptop,1 Month
1149,Basic,11,09-03-22,07-05-22,Spain,33,Female,Tablet,1 Month
1150,Standard,15,09-07-22,25-04-23,Spain,28,Male,Smartphone,1 Month
1151,Premium,18,04-01-22,05-02-22,Canada,38,Male,Tablet,1 Month
1152,Premium,18,12-03-22,20-06-22,United Kingdom,29,Male,Laptop,1 Month
1153,Basic,12,02-06-23,23-06-23,United States,51,Female,Tablet,1 Month
1154,Premium,18,18-10-22,18-02-23,United States,42,Female,Tablet,1 Month
1155,Basic,12,10-12-21,22-04-22,Australia,47,Male,Laptop,1 Month
1156,Premium,14,13-09-21,21-01-22,United States,38,Female,Smartphone,1 Month
1157,Basic,12,19-02-22,04-09-22,Spain,38,Male,Laptop,1 Month
1158,Basic,11,15-01-22,04-06-22,Germany,44,Male,Smart TV,1 Month
1159,Standard,12,07-10-21,17-04-22,Italy,34,Female,Smart TV,1 Month
1160,Premium,17,22-01-22,15-09-22,United Kingdom,47,Male,Smartphone,1 Month
1161,Basic,12,04-07-22,03-07-23,United States,39,Female,Tablet,1 Month
1162,Premium,17,01-06-22,08-12-22,Brazil,37,Female,Laptop,1 Month
1163,Premium,17,29-08-22,10-07-23,Spain,36,Male,Smartphone,1 Month
1164,Standard,12,24-05-22,08-03-23,Germany,51,Female,Smart TV,1 Month
1165,Basic,13,25-07-22,30-06-23,Brazil,32,Female,Smart TV,1 Month
1166,Premium,18,20-10-22,27-06-23,United Kingdom,50,Female,Laptop,1 Month
1167,Premium,14,15-01-23,11-07-23,Spain,33,Female,Tablet,1 Month
1168,Premium,14,01-02-22,02-04-22,Germany,47,Male,Smart TV,1 Month
1169,Basic,11,29-09-21,21-01-22,Italy,36,Male,Smart TV,1 Month
1170,Basic,10,14-12-21,26-06-22,United States,42,Male,Smartphone,1 Month
1171,Standard,12,23-02-22,13-12-22,Italy,43,Female,Laptop,1 Month
1172,Standard,15,13-10-21,09-07-22,Spain,35,Male,Tablet,1 Month
1173,Standard,13,05-05-22,21-03-23,Australia,33,Female,Smart TV,1 Month
1174,Premium,18,29-09-21,14-03-22,Mexico,27,Female,Tablet,1 Month
1175,Basic,11,18-11-21,07-08-22,Mexico,45,Male,Smart TV,1 Month
1176,Premium,18,13-03-22,09-02-23,Germany,32,Female,Smart TV,1 Month
1177,Premium,15,15-03-22,26-05-22,Australia,32,Female,Smartphone,1 Month
1178,Premium,17,28-06-22,02-03-23,Canada,42,Male,Tablet,1 Month
1179,Premium,18,15-12-22,06-05-23,Spain,51,Male,Smart TV,1 Month
1180,Basic,10,02-02-23,14-07-23,United States,26,Female,Smartphone,1 Month
1181,Basic,12,20-01-23,27-06-23,Germany,31,Male,Smartphone,1 Month
1182,Basic,12,23-03-23,01-07-23,United Kingdom,37,Male,Smart TV,1 Month
1183,Premium,16,11-06-22,27-10-22,Italy,48,Male,Laptop,1 Month
1184,Standard,11,07-11-21,08-06-22,Spain,29,Female,Smart TV,1 Month
1185,Standard,12,06-10-21,26-05-22,Mexico,34,Male,Smartphone,1 Month
1186,Standard,11,27-01-22,20-03-22,France,47,Female,Laptop,1 Month
1187,Standard,15,04-06-22,19-08-22,United States,51,Female,Tablet,1 Month
1188,Standard,13,30-11-21,17-09-22,Spain,47,Male,Smartphone,1 Month
1189,Standard,11,22-01-22,28-09-22,Canada,35,Male,Smartphone,1 Month
1190,Premium,16,12-09-22,09-07-23,Italy,37,Female,Smartphone,1 Month
1191,Premium,16,16-04-22,30-07-22,Australia,51,Male,Laptop,1 Month
1192,Premium,14,01-06-23,14-07-23,Brazil,29,Female,Laptop,1 Month
1193,Basic,9,21-05-23,03-07-23,Canada,43,Male,Smart TV,1 Month
1194,Standard,11,13-11-21,10-08-22,Brazil,47,Male,Tablet,1 Month
1195,Premium,15,05-02-22,12-07-22,Germany,31,Female,Smart TV,1 Month
1196,Premium,14,17-03-23,22-06-23,Spain,35,Male,Smart TV,1 Month
1197,Basic,13,19-06-22,31-12-22,Canada,40,Male,Smartphone,1 Month
1198,Standard,14,26-06-22,15-05-23,United States,28,Female,Smartphone,1 Month
1199,Basic,11,20-02-22,22-11-22,United States,26,Female,Smartphone,1 Month
1200,Standard,13,20-06-23,04-07-23,France,43,Female,Laptop,1 Month
1201,Premium,18,09-12-22,05-07-23,Australia,43,Female,Tablet,1 Month
1202,Basic,13,22-09-21,31-03-22,United States,33,Female,Tablet,1 Month
1203,Standard,15,05-03-22,01-11-22,United States,50,Female,Smartphone,1 Month
1204,Premium,16,25-10-21,02-03-22,United Kingdom,35,Female,Laptop,1 Month
1205,Standard,15,19-02-22,17-05-22,Spain,50,Female,Smart TV,1 Month
1206,Basic,11,17-02-22,31-10-22,United Kingdom,44,Female,Smartphone,1 Month
1207,Basic,10,27-11-22,16-06-23,Germany,34,Female,Smartphone,1 Month
1208,Premium,15,02-02-23,03-04-23,Spain,44,Male,Laptop,1 Month
1209,Premium,14,30-12-22,15-07-23,Mexico,37,Male,Tablet,1 Month
1210,Basic,13,18-12-22,18-02-23,Brazil,46,Female,Smartphone,1 Month
1211,Standard,13,27-10-22,28-06-23,Australia,44,Female,Smart TV,1 Month
1212,Basic,9,05-03-23,05-07-23,Germany,42,Male,Smartphone,1 Month
1213,Premium,17,19-01-22,16-10-22,Canada,29,Female,Tablet,1 Month
1214,Premium,15,23-04-22,26-08-22,United States,29,Female,Smartphone,1 Month
1215,Premium,18,03-07-22,22-04-23,United States,28,Female,Laptop,1 Month
1216,Premium,18,16-06-22,16-02-23,Mexico,35,Male,Laptop,1 Month
1217,Basic,13,31-10-21,28-10-22,Canada,36,Female,Laptop,1 Month
1218,Basic,13,20-07-22,21-03-23,United States,26,Female,Tablet,1 Month
1219,Standard,15,02-12-22,18-02-23,Mexico,35,Male,Smart TV,1 Month
1220,Standard,13,28-01-22,31-03-22,United States,29,Female,Smartphone,1 Month
1221,Standard,15,04-09-21,03-02-22,Canada,28,Male,Smart TV,1 Month
1222,Basic,11,14-08-22,08-10-22,Spain,37,Female,Tablet,1 Month
1223,Premium,16,22-01-23,22-05-23,Canada,41,Female,Smart TV,1 Month
1224,Premium,18,05-03-22,03-08-22,Italy,26,Female,Laptop,1 Month
1225,Basic,13,08-01-22,17-07-22,Germany,28,Female,Laptop,1 Month
1226,Basic,11,30-12-22,26-06-23,United States,32,Male,Laptop,1 Month
1227,Basic,9,30-03-23,05-07-23,Brazil,29,Female,Smart TV,1 Month
1228,Standard,12,27-04-22,06-10-22,Spain,26,Female,Laptop,1 Month
1229,Premium,18,12-02-23,20-05-23,United Kingdom,26,Female,Laptop,1 Month
1230,Premium,18,13-06-22,30-11-22,Germany,44,Female,Tablet,1 Month
1231,Basic,10,08-09-21,26-10-21,Mexico,41,Male,Laptop,1 Month
1232,Basic,12,01-06-22,12-12-22,United Kingdom,26,Female,Smart TV,1 Month
1233,Basic,13,26-10-22,07-07-23,Spain,49,Female,Smartphone,1 Month
1234,Basic,11,01-04-23,19-05-23,United Kingdom,45,Female,Smart TV,1 Month
1235,Standard,13,23-04-22,22-06-22,France,30,Female,Tablet,1 Month
1236,Standard,13,21-06-23,09-07-23,Spain,29,Female,Laptop,1 Month
1237,Premium,18,23-06-22,06-12-22,United Kingdom,33,Male,Laptop,1 Month
1238,Basic,13,25-03-23,30-06-23,Brazil,48,Male,Smart TV,1 Month
1239,Standard,13,03-10-21,20-01-22,Mexico,40,Male,Tablet,1 Month
1240,Basic,13,19-09-22,09-07-23,Canada,45,Male,Tablet,1 Month
1241,Standard,14,18-08-22,08-01-23,Italy,26,Male,Smartphone,1 Month
1242,Basic,12,31-01-23,20-06-23,Mexico,38,Female,Laptop,1 Month
1243,Premium,15,13-10-22,20-06-23,United Kingdom,43,Male,Smart TV,1 Month
1244,Standard,15,03-09-22,23-01-23,France,51,Female,Smart TV,1 Month
1245,Basic,11,18-10-22,11-12-22,United States,44,Female,Tablet,1 Month
1246,Standard,11,16-08-22,16-11-22,Germany,26,Male,Laptop,1 Month
1247,Basic,9,16-05-22,23-03-23,Mexico,38,Male,Laptop,1 Month
1248,Premium,18,29-04-22,10-03-23,Spain,40,Male,Laptop,1 Month
1249,Premium,14,01-12-22,09-02-23,Germany,29,Male,Tablet,1 Month
1250,Basic,13,02-09-22,16-04-23,Canada,28,Male,Smartphone,1 Month
1251,Standard,15,01-02-22,12-11-22,Australia,39,Male,Laptop,1 Month
1252,Basic,10,26-04-23,07-07-23,Italy,35,Male,Laptop,1 Month
1253,Premium,14,08-05-23,12-07-23,United States,29,Female,Smart TV,1 Month
1254,Standard,13,03-07-22,30-12-22,Brazil,51,Female,Tablet,1 Month
1255,Standard,14,19-09-22,24-05-23,Mexico,28,Male,Smart TV,1 Month
1256,Standard,11,25-09-21,25-10-21,Australia,28,Female,Smartphone,1 Month
1257,Premium,18,23-09-21,05-06-22,Australia,27,Female,Tablet,1 Month
1258,Premium,17,29-03-23,27-06-23,Canada,41,Male,Smart TV,1 Month
1259,Premium,17,14-12-21,15-04-22,United Kingdom,47,Male,Smartphone,1 Month
1260,Premium,15,03-08-22,26-03-23,Spain,30,Female,Tablet,1 Month
1261,Premium,14,13-11-21,25-02-22,Germany,34,Female,Tablet,1 Month
1262,Basic,12,03-10-21,09-11-21,Spain,50,Male,Tablet,1 Month
1263,Premium,14,16-02-22,30-10-22,France,45,Female,Laptop,1 Month
1264,Premium,18,13-05-23,09-07-23,France,50,Male,Smart TV,1 Month
1265,Premium,16,25-04-23,09-07-23,Brazil,32,Male,Smartphone,1 Month
1266,Basic,10,09-03-23,27-06-23,Brazil,40,Male,Laptop,1 Month
1267,Standard,11,25-08-22,07-07-23,Germany,39,Female,Smartphone,1 Month
1268,Premium,15,28-07-22,13-03-23,United States,47,Female,Laptop,1 Month
1269,Premium,18,24-06-23,30-06-23,Spain,47,Male,Smartphone,1 Month
1270,Basic,9,31-07-22,02-05-23,Canada,26,Male,Laptop,1 Month
1271,Premium,15,30-08-22,17-10-22,Spain,32,Male,Tablet,1 Month
1272,Basic,9,16-05-23,27-06-23,United Kingdom,49,Female,Laptop,1 Month
1273,Premium,15,10-04-23,14-07-23,Spain,35,Male,Smartphone,1 Month
1274,Premium,16,02-01-23,27-06-23,Italy,28,Male,Tablet,1 Month
1275,Basic,10,05-11-21,28-08-22,United States,31,Female,Laptop,1 Month
1276,Premium,15,05-12-22,22-05-23,Spain,49,Female,Smart TV,1 Month
1277,Premium,14,03-11-22,14-07-23,Australia,51,Male,Smartphone,1 Month
1278,Premium,16,05-11-22,10-07-23,Germany,40,Male,Smartphone,1 Month
1279,Basic,10,09-04-22,28-09-22,United States,27,Female,Smartphone,1 Month
1280,Basic,12,15-04-22,04-06-22,Germany,33,Female,Smart TV,1 Month
1281,Premium,14,25-10-21,01-02-22,Spain,38,Female,Laptop,1 Month
1282,Standard,12,19-04-23,13-07-23,Spain,47,Female,Laptop,1 Month
1283,Premium,14,30-12-21,12-04-22,United Kingdom,33,Female,Smart TV,1 Month
1284,Basic,11,26-07-22,20-09-22,United Kingdom,41,Male,Smart TV,1 Month
1285,Standard,12,02-10-21,14-11-21,Italy,28,Male,Tablet,1 Month
1286,Standard,12,15-04-22,11-10-22,Germany,43,Female,Smart TV,1 Month
1287,Standard,15,13-04-22,16-05-22,United Kingdom,45,Female,Smartphone,1 Month
1288,Standard,15,25-02-22,10-09-22,Mexico,33,Male,Smart TV,1 Month
1289,Standard,13,18-02-23,02-07-23,Spain,27,Male,Tablet,1 Month
1290,Standard,11,09-11-21,10-10-22,United States,33,Male,Laptop,1 Month
1291,Premium,16,07-10-22,05-12-22,Canada,28,Female,Smartphone,1 Month
1292,Basic,11,19-12-22,08-07-23,United States,26,Female,Smart TV,1 Month
1293,Basic,10,18-12-22,04-06-23,Mexico,41,Male,Smart TV,1 Month
1294,Basic,10,25-10-21,11-12-21,Germany,32,Male,Smart TV,1 Month
1295,Standard,15,17-04-22,11-04-23,Canada,46,Female,Laptop,1 Month
1296,Basic,9,25-07-22,27-03-23,United States,51,Male,Laptop,1 Month
1297,Premium,16,22-09-22,11-07-23,Brazil,44,Female,Tablet,1 Month
1298,Premium,14,11-04-23,28-06-23,Italy,35,Male,Smartphone,1 Month
1299,Standard,14,10-11-21,12-07-22,Spain,39,Female,Smartphone,1 Month
1300,Standard,12,27-05-23,27-06-23,France,33,Male,Laptop,1 Month
1301,Basic,13,11-10-21,08-07-22,Canada,34,Female,Smartphone,1 Month
1302,Basic,12,16-05-23,01-07-23,United States,41,Male,Smart TV,1 Month
1303,Premium,14,20-07-22,02-03-23,United Kingdom,34,Female,Laptop,1 Month
1304,Basic,13,27-04-23,15-07-23,Germany,42,Female,Smart TV,1 Month
1305,Standard,11,21-02-23,06-07-23,Spain,45,Female,Laptop,1 Month
1306,Basic,10,15-02-23,05-07-23,Spain,46,Male,Tablet,1 Month
1307,Premium,17,12-09-22,09-01-23,United Kingdom,45,Female,Laptop,1 Month
1308,Premium,15,13-10-22,05-05-23,United States,46,Male,Tablet,1 Month
1309,Standard,15,08-09-21,16-06-22,Spain,30,Male,Smart TV,1 Month
1310,Standard,13,21-09-22,31-03-23,Brazil,32,Female,Smart TV,1 Month
1311,Basic,11,22-08-22,21-02-23,Italy,31,Male,Tablet,1 Month
1312,Standard,11,20-02-23,05-07-23,United States,27,Male,Laptop,1 Month
1313,Premium,18,25-10-22,13-07-23,Spain,46,Female,Smartphone,1 Month
1314,Premium,14,07-10-22,27-06-23,United Kingdom,44,Female,Tablet,1 Month
1315,Premium,15,20-07-22,11-12-22,France,30,Male,Smart TV,1 Month
1316,Basic,9,19-03-23,14-07-23,United States,31,Female,Laptop,1 Month
1317,Basic,10,01-06-22,19-01-23,Mexico,41,Female,Laptop,1 Month
1318,Standard,15,16-05-22,30-08-22,United Kingdom,43,Male,Tablet,1 Month
1319,Standard,14,15-01-22,07-02-22,United States,50,Male,Laptop,1 Month
1320,Basic,9,17-01-22,01-06-22,Italy,32,Male,Smartphone,1 Month
1321,Basic,13,01-03-22,19-04-22,Mexico,46,Female,Laptop,1 Month
1322,Basic,13,08-02-23,11-07-23,Germany,41,Female,Smart TV,1 Month
1323,Standard,12,01-01-23,30-04-23,Canada,28,Male,Laptop,1 Month
1324,Basic,10,19-03-23,03-07-23,Canada,29,Female,Tablet,1 Month
1325,Premium,15,26-08-22,11-05-23,Mexico,50,Male,Tablet,1 Month
1326,Standard,13,30-10-21,29-04-22,Australia,36,Female,Laptop,1 Month
1327,Premium,17,02-03-23,11-06-23,United States,30,Female,Tablet,1 Month
1328,Basic,9,08-06-22,08-07-22,United Kingdom,35,Female,Laptop,1 Month
1329,Standard,14,13-02-23,07-07-23,France,28,Female,Tablet,1 Month
1330,Premium,16,16-01-23,29-06-23,Canada,49,Male,Smart TV,1 Month
1331,Standard,14,09-06-22,01-05-23,United Kingdom,37,Male,Smart TV,1 Month
1332,Standard,15,15-02-23,27-06-23,Australia,32,Male,Laptop,1 Month
1333,Standard,11,04-09-22,10-03-23,Canada,50,Female,Tablet,1 Month
1334,Standard,12,02-01-23,08-07-23,Italy,51,Male,Laptop,1 Month
1335,Standard,12,01-04-23,27-06-23,France,39,Female,Smartphone,1 Month
1336,Standard,15,31-07-22,02-02-23,France,47,Female,Smart TV,1 Month
1337,Standard,14,06-09-22,02-03-23,Germany,29,Female,Smartphone,1 Month
1338,Basic,10,31-08-22,14-06-23,Italy,42,Male,Smart TV,1 Month
1339,Basic,9,04-06-23,08-07-23,Germany,31,Female,Smartphone,1 Month
1340,Standard,12,18-11-21,19-04-22,Canada,39,Male,Smart TV,1 Month
1341,Premium,17,18-12-21,01-07-22,United States,31,Female,Laptop,1 Month
1342,Basic,12,27-06-22,11-12-22,Canada,31,Male,Smartphone,1 Month
1343,Standard,12,19-02-23,15-07-23,Canada,44,Male,Smart TV,1 Month
1344,Standard,12,19-06-22,20-08-22,Australia,46,Female,Laptop,1 Month
1345,Standard,15,03-10-21,26-02-22,Germany,41,Male,Smartphone,1 Month
1346,Standard,13,09-04-22,08-11-22,France,37,Male,Tablet,1 Month
1347,Standard,14,06-11-21,11-12-21,Italy,41,Male,Tablet,1 Month
1348,Standard,13,27-03-22,13-02-23,France,50,Female,Laptop,1 Month
1349,Premium,17,10-11-22,06-07-23,United Kingdom,49,Male,Tablet,1 Month
1350,Premium,14,11-04-23,20-06-23,Brazil,42,Female,Smartphone,1 Month
1351,Standard,14,02-01-23,08-07-23,France,41,Male,Smartphone,1 Month
1352,Basic,13,05-01-23,25-02-23,France,37,Female,Laptop,1 Month
1353,Premium,16,26-10-21,29-07-22,United Kingdom,40,Female,Smart TV,1 Month
1354,Standard,14,11-12-22,29-01-23,Canada,34,Male,Laptop,1 Month
1355,Standard,15,11-02-23,21-06-23,United Kingdom,48,Male,Laptop,1 Month
1356,Premium,14,22-04-23,04-07-23,United States,44,Female,Tablet,1 Month
1357,Standard,11,16-10-21,13-09-22,Spain,33,Male,Laptop,1 Month
1358,Premium,14,19-01-23,20-06-23,United States,31,Female,Smart TV,1 Month
1359,Standard,14,14-11-21,25-10-22,Spain,34,Male,Smart TV,1 Month
1360,Premium,18,08-12-21,10-09-22,United States,39,Female,Laptop,1 Month
1361,Premium,18,01-02-23,25-06-23,Mexico,38,Male,Laptop,1 Month
1362,Standard,12,26-06-23,12-07-23,France,40,Male,Laptop,1 Month
1363,Basic,10,08-06-22,14-12-22,Australia,33,Male,Tablet,1 Month
1364,Basic,10,25-01-22,19-05-22,Spain,30,Female,Smart TV,1 Month
1365,Premium,16,05-06-23,11-07-23,Canada,32,Female,Laptop,1 Month
1366,Premium,16,20-03-22,09-03-23,Spain,37,Male,Smart TV,1 Month
1367,Premium,17,02-04-22,16-09-22,United Kingdom,30,Female,Smartphone,1 Month
1368,Standard,14,07-08-22,05-03-23,Australia,42,Female,Smart TV,1 Month
1369,Premium,18,12-12-22,08-07-23,United States,39,Female,Smartphone,1 Month
1370,Standard,11,13-11-21,18-10-22,United States,48,Female,Tablet,1 Month
1371,Basic,11,12-11-21,20-09-22,United States,31,Female,Smartphone,1 Month
1372,Standard,11,24-04-22,28-02-23,Australia,31,Male,Laptop,1 Month
1373,Premium,14,26-06-22,25-11-22,Italy,41,Female,Laptop,1 Month
1374,Basic,11,11-06-23,14-07-23,Mexico,46,Male,Smartphone,1 Month
1375,Standard,12,23-10-21,27-02-22,Spain,48,Male,Laptop,1 Month
1376,Basic,12,24-04-23,04-06-23,Italy,27,Male,Smartphone,1 Month
1377,Premium,18,21-11-22,04-07-23,United States,35,Female,Laptop,1 Month
1378,Basic,10,05-04-22,17-08-22,United States,51,Male,Smart TV,1 Month
1379,Standard,15,02-06-22,26-05-23,Australia,42,Male,Laptop,1 Month
1380,Basic,12,28-08-22,19-11-22,Spain,44,Female,Smart TV,1 Month
1381,Standard,11,12-11-21,20-12-21,Italy,32,Male,Smartphone,1 Month
1382,Standard,13,23-11-22,06-07-23,Spain,41,Female,Tablet,1 Month
1383,Basic,11,02-06-22,14-08-22,Italy,44,Male,Tablet,1 Month
1384,Standard,13,09-05-23,11-07-23,Australia,39,Male,Smart TV,1 Month
1385,Premium,15,24-07-22,16-04-23,United Kingdom,35,Male,Smart TV,1 Month
1386,Premium,18,18-10-21,30-04-22,United States,48,Male,Laptop,1 Month
1387,Premium,18,04-02-23,27-02-23,Spain,38,Male,Laptop,1 Month
1388,Standard,14,02-03-23,11-07-23,Brazil,29,Male,Smart TV,1 Month
1389,Basic,11,06-05-22,21-01-23,Germany,34,Male,Smartphone,1 Month
1390,Standard,12,27-12-21,04-04-22,France,48,Male,Smartphone,1 Month
1391,Basic,13,06-04-22,25-05-22,Brazil,29,Female,Smart TV,1 Month
1392,Basic,10,28-03-22,09-02-23,Germany,28,Female,Smart TV,1 Month
1393,Basic,10,14-12-22,22-05-23,Spain,35,Male,Tablet,1 Month
1394,Standard,13,09-12-22,07-07-23,Brazil,44,Female,Smartphone,1 Month
1395,Standard,12,23-12-22,14-07-23,Mexico,37,Male,Tablet,1 Month
1396,Premium,17,03-08-22,07-01-23,Australia,47,Male,Smartphone,1 Month
1397,Premium,17,06-12-21,28-06-22,United Kingdom,28,Female,Tablet,1 Month
1398,Basic,13,04-06-23,20-06-23,Germany,40,Female,Laptop,1 Month
1399,Basic,10,29-10-22,02-07-23,Australia,40,Male,Smart TV,1 Month
1400,Basic,11,06-09-21,08-06-22,Canada,35,Female,Laptop,1 Month
1401,Premium,14,13-10-22,21-02-23,Spain,44,Female,Laptop,1 Month
1402,Standard,11,18-02-22,12-09-22,United Kingdom,32,Male,Smart TV,1 Month
1403,Basic,12,10-02-22,06-06-22,France,49,Male,Tablet,1 Month
1404,Basic,13,29-06-22,11-02-23,United States,46,Female,Laptop,1 Month
1405,Basic,11,30-01-22,03-09-22,France,33,Female,Laptop,1 Month
1406,Premium,18,29-06-23,02-07-23,Australia,41,Female,Smartphone,1 Month
1407,Basic,9,26-07-22,07-12-22,Australia,33,Female,Smartphone,1 Month
1408,Basic,12,04-02-23,14-07-23,United Kingdom,34,Female,Laptop,1 Month
1409,Premium,17,04-04-22,23-12-22,Brazil,26,Male,Laptop,1 Month
1410,Premium,18,10-11-21,14-05-22,Spain,30,Female,Tablet,1 Month
1411,Basic,9,01-09-22,02-11-22,France,44,Male,Smart TV,1 Month
1412,Basic,12,16-10-21,25-05-22,Mexico,46,Male,Tablet,1 Month
1413,Basic,11,04-01-23,11-07-23,Spain,29,Female,Smartphone,1 Month
1414,Standard,15,20-02-23,12-07-23,Australia,31,Female,Smartphone,1 Month
1415,Basic,11,23-07-22,04-04-23,Italy,32,Female,Tablet,1 Month
1416,Basic,10,18-11-21,06-07-22,United States,29,Male,Smart TV,1 Month
1417,Basic,10,06-05-23,05-07-23,Germany,35,Female,Tablet,1 Month
1418,Standard,15,10-12-22,10-05-23,Spain,43,Female,Smartphone,1 Month
1419,Standard,11,22-08-22,26-12-22,Italy,51,Male,Smartphone,1 Month
1420,Basic,11,12-05-22,02-06-22,Canada,37,Female,Laptop,1 Month
1421,Premium,15,18-04-22,28-05-22,Spain,40,Female,Smart TV,1 Month
1422,Premium,18,10-12-21,28-07-22,Spain,50,Female,Laptop,1 Month
1423,Basic,10,21-02-22,04-06-22,Australia,34,Female,Smartphone,1 Month
1424,Premium,17,27-10-22,07-07-23,Canada,51,Female,Smartphone,1 Month
1425,Standard,14,12-06-23,12-07-23,France,34,Male,Laptop,1 Month
1426,Basic,12,31-05-23,13-07-23,Germany,51,Female,Tablet,1 Month
1427,Basic,10,09-09-22,13-04-23,Canada,40,Male,Tablet,1 Month
1428,Basic,11,25-12-22,16-05-23,Canada,32,Female,Smartphone,1 Month
1429,Basic,11,20-12-22,10-07-23,Spain,50,Female,Laptop,1 Month
1430,Basic,12,23-12-21,26-09-22,Italy,38,Male,Tablet,1 Month
1431,Basic,9,03-08-22,29-11-22,Italy,34,Female,Smart TV,1 Month
1432,Standard,15,27-02-22,28-05-22,United States,45,Female,Laptop,1 Month
1433,Basic,13,13-02-22,19-08-22,France,33,Male,Laptop,1 Month
1434,Basic,10,28-02-23,31-05-23,Australia,38,Male,Tablet,1 Month
1435,Standard,13,18-02-22,10-08-22,Brazil,38,Female,Laptop,1 Month
1436,Standard,13,27-07-22,13-12-22,Spain,48,Female,Laptop,1 Month
1437,Premium,16,31-12-21,10-08-22,United Kingdom,47,Male,Smart TV,1 Month
1438,Premium,17,02-06-22,27-12-22,Spain,32,Female,Smart TV,1 Month
1439,Premium,16,17-04-22,22-01-23,Mexico,41,Female,Smart TV,1 Month
1440,Basic,12,10-03-23,12-07-23,Germany,37,Female,Smartphone,1 Month
1441,Basic,9,10-03-22,04-08-22,France,40,Female,Smartphone,1 Month
1442,Basic,10,05-12-22,30-06-23,United States,30,Male,Smartphone,1 Month
1443,Basic,12,10-06-23,13-07-23,Brazil,37,Male,Smartphone,1 Month
1444,Premium,18,14-07-22,30-05-23,United States,47,Female,Smartphone,1 Month
1445,Premium,15,24-12-21,07-04-22,Canada,49,Female,Laptop,1 Month
1446,Premium,15,13-06-22,09-04-23,Italy,28,Male,Laptop,1 Month
1447,Premium,18,27-10-21,27-05-22,France,46,Female,Smartphone,1 Month
1448,Premium,14,25-02-23,25-06-23,Australia,33,Male,Smartphone,1 Month
1449,Basic,11,31-07-22,09-05-23,Italy,50,Male,Smartphone,1 Month
1450,Premium,18,30-09-21,18-08-22,Australia,37,Male,Smart TV,1 Month
1451,Basic,10,25-06-23,26-06-23,Germany,36,Female,Smart TV,1 Month
1452,Premium,15,04-02-23,02-07-23,Australia,48,Male,Laptop,1 Month
1453,Basic,12,27-06-22,19-11-22,United States,43,Male,Laptop,1 Month
1454,Basic,11,03-02-22,14-03-22,France,34,Female,Laptop,1 Month
1455,Standard,12,12-02-22,25-05-22,Spain,48,Female,Tablet,1 Month
1456,Standard,14,13-10-21,15-07-22,Italy,43,Male,Smartphone,1 Month
1457,Basic,13,11-06-22,02-11-22,United Kingdom,28,Male,Tablet,1 Month
1458,Basic,11,17-04-22,04-11-22,Canada,44,Female,Laptop,1 Month
1459,Standard,12,29-01-22,24-02-22,Spain,43,Male,Laptop,1 Month
1460,Standard,11,03-09-21,10-02-22,Australia,39,Male,Smartphone,1 Month
1461,Standard,14,27-09-21,05-08-22,United States,43,Male,Smartphone,1 Month
1462,Basic,13,25-01-23,11-04-23,Italy,48,Female,Smart TV,1 Month
1463,Premium,17,17-08-22,12-06-23,United Kingdom,48,Female,Laptop,1 Month
1464,Premium,14,15-12-22,26-06-23,Italy,40,Male,Laptop,1 Month
1465,Basic,10,30-10-21,14-06-22,Australia,31,Male,Smart TV,1 Month
1466,Basic,13,15-03-22,23-04-22,Australia,48,Male,Smartphone,1 Month
1467,Premium,18,02-09-22,26-04-23,Spain,26,Female,Smart TV,1 Month
1468,Basic,12,14-12-22,11-07-23,Canada,35,Male,Smart TV,1 Month
1469,Standard,15,03-03-23,16-06-23,Italy,32,Male,Tablet,1 Month
1470,Premium,14,17-06-23,08-07-23,France,28,Female,Smart TV,1 Month
1471,Premium,17,18-05-22,13-05-23,United Kingdom,32,Male,Smartphone,1 Month
1472,Standard,14,23-04-22,07-04-23,Germany,40,Female,Smart TV,1 Month
1473,Basic,11,06-02-22,30-03-22,Canada,49,Male,Smartphone,1 Month
1474,Standard,15,15-11-21,09-02-22,Germany,36,Male,Smartphone,1 Month
1475,Basic,12,05-06-23,04-07-23,United States,51,Female,Tablet,1 Month
1476,Premium,18,12-12-21,25-03-22,Italy,26,Male,Smart TV,1 Month
1477,Basic,12,06-04-22,17-01-23,Canada,46,Female,Tablet,1 Month
1478,Standard,13,21-01-22,30-03-22,United States,42,Female,Laptop,1 Month
1479,Standard,15,12-10-21,26-12-21,Spain,28,Female,Tablet,1 Month
1480,Basic,12,02-11-21,27-04-22,Canada,30,Male,Tablet,1 Month
1481,Standard,15,18-01-23,07-03-23,Mexico,51,Female,Smartphone,1 Month
1482,Premium,14,07-05-22,12-08-22,United States,46,Female,Laptop,1 Month
1483,Basic,10,26-03-22,19-01-23,United Kingdom,36,Male,Tablet,1 Month
1484,Premium,16,24-11-21,29-04-22,Australia,40,Female,Smartphone,1 Month
1485,Basic,10,24-09-21,02-12-21,Spain,51,Male,Tablet,1 Month
1486,Standard,14,18-09-21,25-01-22,France,27,Male,Tablet,1 Month
1487,Premium,18,26-12-21,16-03-22,Mexico,50,Female,Smart TV,1 Month
1488,Standard,13,21-08-22,27-03-23,United States,49,Male,Tablet,1 Month
1489,Standard,13,10-11-22,25-05-23,Italy,29,Male,Laptop,1 Month
1490,Basic,13,10-01-22,26-05-22,Spain,50,Female,Tablet,1 Month
1491,Standard,15,12-11-22,06-05-23,Germany,36,Male,Tablet,1 Month
1492,Standard,12,08-12-21,15-02-22,Canada,30,Male,Smartphone,1 Month
1493,Basic,13,14-10-21,14-12-21,Australia,48,Female,Laptop,1 Month
1494,Basic,13,07-06-23,08-07-23,Brazil,34,Male,Smartphone,1 Month
1495,Standard,12,29-12-21,25-10-22,United States,38,Male,Laptop,1 Month
1496,Premium,18,18-11-22,26-01-23,Germany,33,Female,Smartphone,1 Month
1497,Premium,18,19-10-22,20-06-23,Spain,28,Male,Smartphone,1 Month
1498,Basic,9,23-05-22,14-02-23,Canada,42,Female,Laptop,1 Month
1499,Standard,15,05-02-23,11-07-23,Mexico,38,Female,Laptop,1 Month
1500,Premium,14,24-02-22,30-09-22,Spain,45,Female,Smart TV,1 Month
1501,Basic,9,16-09-21,10-07-22,Canada,31,Male,Smartphone,1 Month
1502,Basic,10,17-04-23,11-07-23,Germany,39,Female,Tablet,1 Month
1503,Standard,14,18-04-23,26-06-23,Mexico,26,Male,Laptop,1 Month
1504,Premium,14,06-07-22,28-06-23,Spain,39,Female,Smartphone,1 Month
1505,Standard,12,30-06-22,06-12-22,United Kingdom,35,Male,Laptop,1 Month
1506,Premium,17,03-06-22,23-05-23,Spain,32,Female,Smart TV,1 Month
1507,Standard,14,05-11-21,15-10-22,Brazil,38,Female,Laptop,1 Month
1508,Basic,12,21-07-22,27-10-22,France,26,Male,Laptop,1 Month
1509,Standard,15,23-08-22,13-07-23,Mexico,45,Female,Laptop,1 Month
1510,Basic,12,03-05-23,23-06-23,Spain,29,Female,Smartphone,1 Month
1511,Standard,11,12-06-22,27-02-23,Italy,46,Male,Smartphone,1 Month
1512,Standard,13,07-07-22,24-10-22,United Kingdom,36,Female,Smart TV,1 Month
1513,Basic,10,08-09-21,19-12-21,Italy,30,Female,Smartphone,1 Month
1514,Premium,14,26-05-22,25-09-22,Mexico,27,Male,Smart TV,1 Month
1515,Basic,13,14-11-21,05-05-22,United States,36,Female,Smartphone,1 Month
1516,Basic,12,09-11-22,20-06-23,Brazil,47,Male,Tablet,1 Month
1517,Premium,17,22-08-22,05-03-23,Canada,41,Male,Smart TV,1 Month
1518,Basic,13,28-05-23,20-06-23,Australia,51,Male,Smartphone,1 Month
1519,Premium,15,28-07-22,01-07-23,Germany,49,Male,Smartphone,1 Month
1520,Standard,14,28-04-22,18-09-22,France,43,Female,Smartphone,1 Month
1521,Premium,18,16-09-22,26-06-23,Brazil,33,Female,Smart TV,1 Month
1522,Basic,10,25-01-22,15-05-22,United Kingdom,31,Female,Laptop,1 Month
1523,Standard,14,19-11-21,30-07-22,Spain,44,Male,Smartphone,1 Month
1524,Basic,9,17-06-22,16-02-23,Brazil,33,Male,Laptop,1 Month
1525,Premium,16,06-07-22,22-12-22,Australia,49,Female,Smart TV,1 Month
1526,Basic,12,12-04-22,20-02-23,Australia,39,Female,Smartphone,1 Month
1527,Premium,18,21-12-21,11-11-22,United States,35,Male,Laptop,1 Month
1528,Standard,12,04-03-23,08-04-23,Canada,47,Female,Tablet,1 Month
1529,Basic,9,09-02-23,20-06-23,France,28,Male,Smartphone,1 Month
1530,Basic,12,15-10-21,13-02-22,Germany,35,Male,Smartphone,1 Month
1531,Standard,14,17-10-21,19-08-22,United Kingdom,37,Female,Smartphone,1 Month
1532,Premium,15,11-06-22,08-06-23,United Kingdom,51,Male,Laptop,1 Month
1533,Standard,13,14-08-22,26-10-22,Germany,37,Female,Smart TV,1 Month
1534,Standard,13,03-12-22,05-03-23,Italy,38,Male,Tablet,1 Month
1535,Standard,15,22-01-22,07-09-22,Italy,46,Male,Smart TV,1 Month
1536,Standard,13,25-11-21,17-10-22,France,42,Male,Tablet,1 Month
1537,Standard,15,13-11-21,29-01-22,United States,45,Male,Smart TV,1 Month
1538,Standard,14,18-01-22,28-12-22,United States,46,Female,Tablet,1 Month
1539,Standard,13,20-09-21,16-08-22,United Kingdom,32,Female,Tablet,1 Month
1540,Basic,9,30-11-21,10-07-22,United Kingdom,48,Female,Smart TV,1 Month
1541,Standard,12,26-06-23,03-07-23,United Kingdom,30,Female,Smart TV,1 Month
1542,Premium,16,27-12-22,09-06-23,United States,28,Male,Laptop,1 Month
1543,Premium,15,03-06-22,07-03-23,United Kingdom,46,Female,Laptop,1 Month
1544,Premium,17,22-03-22,28-11-22,Spain,50,Female,Laptop,1 Month
1545,Premium,16,05-04-22,10-10-22,Australia,27,Male,Laptop,1 Month
1546,Standard,11,26-09-22,10-07-23,Spain,28,Female,Smartphone,1 Month
1547,Standard,14,29-06-22,16-04-23,United Kingdom,51,Female,Smartphone,1 Month
1548,Premium,16,06-09-22,22-10-22,United States,47,Female,Laptop,1 Month
1549,Basic,12,09-06-22,17-05-23,Brazil,43,Male,Smart TV,1 Month
1550,Standard,15,24-04-22,08-12-22,United Kingdom,44,Female,Laptop,1 Month
1551,Standard,13,07-01-23,27-06-23,Italy,30,Male,Smartphone,1 Month
1552,Standard,15,14-12-22,25-05-23,France,45,Male,Smart TV,1 Month
1553,Basic,9,15-06-23,27-06-23,France,51,Female,Smartphone,1 Month
1554,Standard,15,26-05-22,04-11-22,United Kingdom,40,Female,Smart TV,1 Month
1555,Premium,15,17-02-22,11-10-22,Australia,39,Female,Smart TV,1 Month
1556,Basic,9,30-11-21,11-06-22,France,36,Female,Smartphone,1 Month
1557,Standard,15,07-09-22,17-01-23,Mexico,39,Male,Smart TV,1 Month
1558,Standard,12,14-03-23,14-07-23,Spain,26,Female,Smartphone,1 Month
1559,Basic,13,12-06-22,13-07-22,United States,49,Female,Laptop,1 Month
1560,Standard,11,04-12-21,23-09-22,Brazil,37,Male,Tablet,1 Month
1561,Standard,11,20-07-22,27-03-23,Spain,40,Female,Laptop,1 Month
1562,Basic,12,26-06-23,29-06-23,Canada,49,Male,Smartphone,1 Month
1563,Premium,17,31-12-21,07-03-22,Spain,46,Male,Laptop,1 Month
1564,Premium,16,23-10-21,03-02-22,France,35,Female,Smart TV,1 Month
1565,Basic,12,16-05-22,02-05-23,United Kingdom,44,Male,Tablet,1 Month
1566,Premium,14,21-10-21,08-02-22,Italy,40,Male,Smartphone,1 Month
1567,Basic,12,11-01-23,20-06-23,Mexico,49,Female,Tablet,1 Month
1568,Premium,15,06-07-22,16-02-23,United States,39,Male,Smartphone,1 Month
1569,Standard,15,11-04-23,06-07-23,Mexico,38,Female,Laptop,1 Month
1570,Basic,10,20-03-22,01-08-22,Mexico,31,Female,Laptop,1 Month
1571,Basic,12,07-04-22,01-12-22,Canada,40,Female,Smartphone,1 Month
1572,Standard,14,12-06-23,21-06-23,Spain,36,Male,Laptop,1 Month
1573,Standard,15,05-04-22,24-08-22,France,29,Male,Laptop,1 Month
1574,Basic,12,01-02-23,28-06-23,Germany,26,Female,Tablet,1 Month
1575,Basic,10,30-11-22,30-06-23,Canada,30,Male,Smartphone,1 Month
1576,Basic,13,09-02-22,21-08-22,Canada,46,Female,Tablet,1 Month
1577,Basic,11,27-09-22,08-04-23,Mexico,44,Male,Laptop,1 Month
1578,Basic,12,21-08-22,27-06-23,Mexico,49,Female,Laptop,1 Month
1579,Basic,13,19-05-22,17-05-23,Canada,27,Male,Laptop,1 Month
1580,Standard,12,07-09-21,24-08-22,France,37,Male,Smart TV,1 Month
1581,Basic,9,05-04-23,13-07-23,United Kingdom,26,Female,Smartphone,1 Month
1582,Standard,11,10-01-22,07-08-22,Spain,42,Male,Smartphone,1 Month
1583,Basic,11,20-05-23,23-06-23,United Kingdom,47,Male,Smart TV,1 Month
1584,Standard,12,06-06-23,11-07-23,United Kingdom,41,Female,Tablet,1 Month
1585,Basic,11,10-04-22,18-10-22,France,33,Male,Smartphone,1 Month
1586,Standard,11,09-06-23,08-07-23,Italy,44,Male,Smartphone,1 Month
1587,Standard,14,02-03-22,23-04-22,France,26,Female,Tablet,1 Month
1588,Basic,9,21-10-21,04-04-22,Spain,40,Female,Smart TV,1 Month
1589,Basic,11,21-07-22,24-05-23,Spain,31,Female,Laptop,1 Month
1590,Premium,15,02-11-22,27-02-23,Australia,43,Female,Laptop,1 Month
1591,Basic,12,03-04-22,07-05-22,United States,43,Female,Smartphone,1 Month
1592,Basic,12,17-03-23,13-07-23,Germany,38,Female,Smart TV,1 Month
1593,Basic,13,14-05-22,10-02-23,Brazil,44,Female,Smartphone,1 Month
1594,Premium,16,17-04-22,20-08-22,United States,29,Male,Smartphone,1 Month
1595,Basic,13,21-09-21,10-06-22,Spain,27,Female,Smart TV,1 Month
1596,Standard,15,06-12-21,15-03-22,Mexico,46,Male,Laptop,1 Month
1597,Premium,14,14-02-23,04-07-23,Spain,37,Female,Laptop,1 Month
1598,Premium,18,11-12-22,08-06-23,Canada,35,Female,Laptop,1 Month
1599,Basic,13,25-03-23,08-06-23,United Kingdom,27,Male,Smart TV,1 Month
1600,Standard,13,31-12-21,02-04-22,Canada,51,Female,Smartphone,1 Month
1601,Standard,14,16-10-22,09-05-23,United Kingdom,45,Male,Smartphone,1 Month
1602,Basic,9,31-01-22,18-03-22,United States,33,Female,Smartphone,1 Month
1603,Basic,11,24-01-23,25-06-23,Mexico,40,Female,Tablet,1 Month
1604,Basic,10,04-02-23,07-05-23,Canada,30,Male,Smart TV,1 Month
1605,Premium,18,19-05-23,24-06-23,United Kingdom,47,Male,Smart TV,1 Month
1606,Basic,11,02-08-22,17-05-23,Canada,39,Male,Tablet,1 Month
1607,Standard,12,20-02-23,28-06-23,Germany,37,Female,Smartphone,1 Month
1608,Basic,10,26-01-23,01-05-23,Brazil,27,Male,Laptop,1 Month
1609,Premium,17,03-01-23,23-06-23,United States,33,Male,Smartphone,1 Month
1610,Basic,9,16-04-22,14-06-22,Germany,41,Male,Smartphone,1 Month
1611,Premium,14,17-06-23,04-07-23,Australia,50,Female,Tablet,1 Month
1612,Basic,10,29-10-22,22-04-23,United Kingdom,33,Male,Tablet,1 Month
1613,Basic,10,31-08-22,21-06-23,United States,49,Male,Laptop,1 Month
1614,Premium,18,20-01-23,30-06-23,Canada,42,Female,Smart TV,1 Month
1615,Premium,14,05-03-22,24-01-23,United States,50,Female,Smartphone,1 Month
1616,Premium,16,28-04-22,23-01-23,Brazil,38,Female,Laptop,1 Month
1617,Premium,15,07-09-22,04-06-23,Australia,50,Female,Laptop,1 Month
1618,Premium,16,20-10-22,25-06-23,Spain,32,Female,Smartphone,1 Month
1619,Premium,16,15-08-22,29-06-23,France,33,Female,Laptop,1 Month
1620,Basic,12,26-04-22,17-11-22,Australia,49,Male,Laptop,1 Month
1621,Standard,15,04-06-23,11-07-23,United States,41,Male,Tablet,1 Month
1622,Standard,15,03-04-22,06-12-22,Canada,50,Female,Smart TV,1 Month
1623,Standard,11,27-03-22,31-01-23,Spain,31,Male,Tablet,1 Month
1624,Premium,15,14-01-23,01-07-23,Mexico,28,Male,Laptop,1 Month
1625,Basic,13,17-10-21,03-08-22,Canada,46,Male,Tablet,1 Month
1626,Premium,17,31-01-22,13-06-22,Spain,45,Male,Smart TV,1 Month
1627,Premium,18,21-05-22,22-07-22,Germany,46,Female,Smartphone,1 Month
1628,Premium,16,12-04-22,24-09-22,Spain,35,Male,Smart TV,1 Month
1629,Premium,15,08-01-22,31-05-22,Australia,41,Female,Smartphone,1 Month
1630,Standard,12,17-05-22,19-07-22,United Kingdom,36,Female,Laptop,1 Month
1631,Premium,18,13-06-23,12-07-23,France,49,Male,Laptop,1 Month
1632,Basic,13,24-08-22,06-07-23,Australia,49,Female,Smart TV,1 Month
1633,Premium,16,17-03-23,27-06-23,Germany,49,Female,Laptop,1 Month
1634,Premium,17,01-08-22,21-06-23,United Kingdom,42,Female,Tablet,1 Month
1635,Premium,18,12-03-23,21-04-23,Germany,43,Female,Smart TV,1 Month
1636,Standard,14,25-02-22,30-08-22,Australia,46,Male,Smartphone,1 Month
1637,Basic,11,28-06-22,09-05-23,United Kingdom,30,Female,Laptop,1 Month
1638,Standard,15,22-08-22,17-11-22,United Kingdom,50,Female,Laptop,1 Month
1639,Standard,14,24-11-22,12-07-23,United Kingdom,30,Male,Smartphone,1 Month
1640,Basic,10,07-09-22,22-10-22,Spain,29,Female,Tablet,1 Month
1641,Standard,15,06-12-22,12-07-23,Germany,30,Female,Smart TV,1 Month
1642,Basic,9,13-07-22,27-10-22,Germany,48,Female,Smartphone,1 Month
1643,Basic,9,13-04-22,07-07-22,Germany,51,Female,Tablet,1 Month
1644,Premium,15,19-12-22,10-07-23,Italy,33,Female,Laptop,1 Month
1645,Basic,10,15-10-21,05-10-22,United States,33,Male,Tablet,1 Month
1646,Standard,11,19-09-22,07-07-23,Brazil,42,Female,Smart TV,1 Month
1647,Basic,10,14-05-23,11-07-23,Mexico,42,Female,Tablet,1 Month
1648,Standard,14,08-01-22,08-02-22,Brazil,39,Female,Laptop,1 Month
1649,Standard,15,29-12-21,21-08-22,Canada,29,Male,Smartphone,1 Month
1650,Standard,11,10-11-22,06-07-23,United Kingdom,38,Male,Smartphone,1 Month
1651,Premium,14,15-04-23,05-07-23,United States,48,Female,Laptop,1 Month
1652,Basic,11,31-01-22,25-03-22,Mexico,26,Male,Smartphone,1 Month
1653,Standard,11,07-06-23,26-06-23,Australia,27,Female,Tablet,1 Month
1654,Premium,17,27-06-22,30-01-23,Mexico,49,Male,Tablet,1 Month
1655,Premium,17,29-05-23,08-07-23,United States,36,Male,Laptop,1 Month
1656,Standard,11,07-12-22,19-02-23,France,27,Female,Smartphone,1 Month
1657,Standard,12,29-12-21,21-06-22,Brazil,48,Male,Smart TV,1 Month
1658,Basic,13,20-01-23,21-06-23,Spain,51,Male,Laptop,1 Month
1659,Basic,13,11-03-23,13-07-23,France,45,Female,Smart TV,1 Month
1660,Standard,13,22-05-23,09-07-23,Italy,32,Female,Laptop,1 Month
1661,Standard,15,11-03-23,22-06-23,United Kingdom,31,Male,Smart TV,1 Month
1662,Basic,9,03-11-22,30-06-23,Brazil,48,Female,Laptop,1 Month
1663,Basic,12,03-01-23,03-07-23,Australia,47,Female,Tablet,1 Month
1664,Basic,9,08-07-22,14-05-23,Mexico,47,Female,Smartphone,1 Month
1665,Basic,11,27-06-23,22-06-23,Spain,43,Male,Smart TV,1 Month
1666,Basic,13,20-01-23,12-07-23,Canada,27,Female,Tablet,1 Month
1667,Premium,15,12-07-22,03-02-23,United States,32,Female,Tablet,1 Month
1668,Basic,11,25-09-21,14-01-22,Australia,41,Female,Laptop,1 Month
1669,Premium,18,26-10-21,23-06-22,Germany,29,Female,Smart TV,1 Month
1670,Standard,11,01-11-21,06-02-22,Canada,26,Female,Laptop,1 Month
1671,Basic,12,24-04-22,30-08-22,Brazil,36,Male,Laptop,1 Month
1672,Standard,11,30-10-22,28-05-23,Italy,29,Male,Smart TV,1 Month
1673,Premium,15,18-04-22,20-10-22,United States,44,Male,Smart TV,1 Month
1674,Standard,12,29-06-22,08-04-23,United States,33,Male,Smartphone,1 Month
1675,Standard,13,19-03-23,24-06-23,Spain,35,Female,Laptop,1 Month
1676,Premium,16,30-10-22,31-05-23,United Kingdom,27,Male,Smartphone,1 Month
1677,Standard,11,30-10-21,17-09-22,United States,42,Male,Smartphone,1 Month
1678,Premium,16,07-06-23,06-07-23,Australia,36,Female,Smartphone,1 Month
1679,Standard,14,07-07-22,17-06-23,Mexico,42,Female,Laptop,1 Month
1680,Premium,17,25-02-23,26-06-23,Spain,35,Male,Tablet,1 Month
1681,Basic,9,09-09-22,20-02-23,Canada,38,Male,Smart TV,1 Month
1682,Premium,14,17-03-23,25-06-23,Spain,32,Female,Smartphone,1 Month
1683,Premium,16,19-11-21,03-06-22,United States,44,Male,Laptop,1 Month
1684,Basic,9,24-09-21,26-05-22,Australia,51,Male,Smartphone,1 Month
1685,Standard,15,17-04-22,14-10-22,United Kingdom,51,Female,Tablet,1 Month
1686,Basic,11,06-05-22,01-08-22,France,46,Male,Smart TV,1 Month
1687,Premium,17,02-01-23,12-07-23,United States,41,Female,Smartphone,1 Month
1688,Standard,14,15-03-23,13-06-23,United States,26,Female,Smartphone,1 Month
1689,Standard,12,25-09-21,03-04-22,Australia,26,Male,Laptop,1 Month
1690,Standard,11,29-09-21,02-12-21,Germany,42,Female,Tablet,1 Month
1691,Basic,13,11-10-21,29-06-22,Canada,30,Male,Smartphone,1 Month
1692,Premium,15,04-09-21,01-05-22,United States,26,Male,Smartphone,1 Month
1693,Standard,15,24-09-21,05-07-22,Canada,38,Female,Tablet,1 Month
1694,Standard,13,23-02-23,30-06-23,France,51,Male,Laptop,1 Month
1695,Standard,14,30-09-21,15-05-22,Brazil,26,Female,Smartphone,1 Month
1696,Premium,14,10-04-22,31-08-22,United States,49,Female,Laptop,1 Month
1697,Premium,16,08-08-22,06-12-22,Canada,32,Male,Smart TV,1 Month
1698,Standard,15,11-06-22,05-12-22,United States,28,Male,Tablet,1 Month
1699,Premium,16,04-11-21,28-11-21,Canada,39,Female,Laptop,1 Month
1700,Premium,16,11-03-22,02-10-22,Mexico,47,Male,Smartphone,1 Month
1701,Premium,16,17-06-22,10-10-22,Canada,43,Male,Tablet,1 Month
1702,Premium,15,10-11-22,25-05-23,France,28,Male,Smart TV,1 Month
1703,Premium,15,09-03-23,14-07-23,Canada,48,Female,Tablet,1 Month
1704,Standard,13,12-04-22,17-09-22,United States,31,Male,Smart TV,1 Month
1705,Premium,18,21-04-23,21-06-23,Canada,41,Female,Tablet,1 Month
1706,Standard,11,15-06-23,02-07-23,Italy,44,Female,Smart TV,1 Month
1707,Basic,11,15-05-22,26-02-23,Spain,31,Male,Laptop,1 Month
1708,Standard,14,19-11-22,08-03-23,Mexico,26,Male,Smartphone,1 Month
1709,Standard,12,19-09-22,30-12-22,Australia,29,Female,Tablet,1 Month
1710,Basic,9,08-06-22,08-06-23,Germany,33,Male,Smart TV,1 Month
1711,Premium,15,15-05-23,27-06-23,France,29,Male,Smartphone,1 Month
1712,Standard,14,25-02-23,31-05-23,France,46,Female,Laptop,1 Month
1713,Premium,16,02-04-22,08-08-22,United Kingdom,49,Male,Smart TV,1 Month
1714,Basic,12,19-09-22,02-12-22,Spain,48,Male,Laptop,1 Month
1715,Basic,11,07-04-23,01-07-23,United States,35,Male,Smart TV,1 Month
1716,Standard,15,18-06-23,22-06-23,Mexico,45,Male,Tablet,1 Month
1717,Basic,10,06-07-22,30-11-22,United States,44,Female,Tablet,1 Month
1718,Standard,15,20-11-21,17-09-22,United States,38,Female,Laptop,1 Month
1719,Standard,12,29-07-22,13-11-22,Spain,26,Female,Laptop,1 Month
1720,Premium,17,14-02-23,13-07-23,Canada,36,Male,Laptop,1 Month
1721,Premium,15,09-04-23,16-05-23,France,27,Male,Smart TV,1 Month
1722,Standard,13,15-06-23,11-07-23,Germany,30,Male,Smart TV,1 Month
1723,Premium,16,07-09-22,07-10-22,United Kingdom,33,Female,Tablet,1 Month
1724,Basic,9,23-04-23,11-07-23,Spain,50,Male,Smart TV,1 Month
1725,Premium,14,10-06-23,09-07-23,Italy,51,Female,Smartphone,1 Month
1726,Premium,18,22-04-23,04-07-23,Spain,34,Male,Smartphone,1 Month
1727,Standard,11,26-06-22,25-05-23,Germany,32,Female,Smartphone,1 Month
1728,Standard,11,24-10-21,16-06-22,Mexico,31,Male,Smartphone,1 Month
1729,Standard,14,08-08-22,23-06-23,Mexico,44,Male,Smart TV,1 Month
1730,Standard,14,14-06-22,30-11-22,United Kingdom,38,Female,Smart TV,1 Month
1731,Premium,14,08-04-22,02-09-22,United States,44,Male,Laptop,1 Month
1732,Basic,11,26-08-22,23-04-23,Canada,26,Male,Smartphone,1 Month
1733,Standard,11,06-10-21,09-08-22,Australia,49,Male,Smartphone,1 Month
1734,Basic,9,07-09-21,14-12-21,Australia,33,Female,Tablet,1 Month
1735,Standard,13,28-10-22,28-06-23,Australia,33,Male,Smart TV,1 Month
1736,Basic,10,14-06-22,17-05-23,Germany,35,Female,Smart TV,1 Month
1737,Premium,17,19-01-22,18-03-22,Canada,44,Female,Tablet,1 Month
1738,Standard,14,07-02-23,21-06-23,Italy,30,Male,Laptop,1 Month
1739,Premium,15,17-10-22,30-06-23,United States,30,Female,Smart TV,1 Month
1740,Basic,10,23-09-21,27-06-22,France,49,Male,Laptop,1 Month
1741,Basic,13,11-04-23,05-07-23,Italy,29,Female,Smartphone,1 Month
1742,Standard,14,05-03-23,20-05-23,Canada,42,Male,Laptop,1 Month
1743,Basic,12,26-06-23,11-07-23,Brazil,29,Female,Tablet,1 Month
1744,Basic,10,19-04-22,10-04-23,Spain,45,Female,Smartphone,1 Month
1745,Premium,17,18-08-22,13-05-23,United Kingdom,43,Male,Smart TV,1 Month
1746,Standard,11,29-09-22,25-06-23,United States,34,Male,Smartphone,1 Month
1747,Premium,17,31-05-22,11-11-22,Brazil,46,Female,Smartphone,1 Month
1748,Premium,14,03-08-22,09-04-23,Germany,45,Female,Laptop,1 Month
1749,Standard,14,23-01-22,09-08-22,Italy,37,Male,Tablet,1 Month
1750,Basic,13,17-12-22,18-03-23,Spain,40,Male,Tablet,1 Month
1751,Standard,13,07-04-23,04-07-23,United States,37,Female,Smart TV,1 Month
1752,Standard,13,28-08-22,06-06-23,United States,30,Female,Laptop,1 Month
1753,Standard,12,18-05-23,11-07-23,United States,35,Female,Smartphone,1 Month
1754,Standard,13,23-03-22,26-08-22,Mexico,46,Male,Laptop,1 Month
1755,Premium,18,27-09-22,10-11-22,United Kingdom,44,Female,Tablet,1 Month
1756,Premium,15,15-05-23,04-07-23,United States,28,Female,Tablet,1 Month
1757,Standard,12,07-03-22,27-01-23,United Kingdom,31,Male,Laptop,1 Month
1758,Premium,17,27-08-22,02-05-23,France,48,Male,Tablet,1 Month
1759,Basic,13,02-06-22,10-10-22,Germany,40,Male,Smart TV,1 Month
1760,Basic,12,20-04-23,27-06-23,United Kingdom,27,Male,Smart TV,1 Month
1761,Standard,13,13-08-22,24-06-23,Brazil,32,Male,Smart TV,1 Month
1762,Standard,15,14-01-22,15-11-22,Brazil,47,Female,Smartphone,1 Month
1763,Premium,16,27-02-22,03-04-22,Mexico,43,Male,Smartphone,1 Month
1764,Standard,13,15-10-21,07-12-21,Mexico,26,Male,Smartphone,1 Month
1765,Basic,9,07-04-22,29-08-22,United Kingdom,31,Female,Laptop,1 Month
1766,Standard,13,12-07-22,18-09-22,Spain,48,Female,Smart TV,1 Month
1767,Standard,15,22-01-23,21-06-23,United Kingdom,49,Male,Laptop,1 Month
1768,Premium,18,14-02-22,28-12-22,Canada,26,Male,Smartphone,1 Month
1769,Premium,18,30-12-21,22-01-22,United Kingdom,34,Male,Smart TV,1 Month
1770,Standard,12,29-09-21,29-05-22,United States,46,Female,Smart TV,1 Month
1771,Premium,16,27-11-22,21-06-23,Australia,43,Female,Laptop,1 Month
1772,Basic,12,27-11-22,16-03-23,United States,28,Male,Smartphone,1 Month
1773,Premium,16,12-01-22,19-05-22,Germany,28,Female,Smartphone,1 Month
1774,Basic,11,28-02-23,28-06-23,United Kingdom,43,Female,Laptop,1 Month
1775,Basic,12,16-06-23,30-06-23,Canada,39,Female,Smart TV,1 Month
1776,Standard,12,26-12-22,28-06-23,United Kingdom,47,Female,Tablet,1 Month
1777,Basic,11,23-05-23,15-07-23,United States,49,Male,Smartphone,1 Month
1778,Standard,14,24-12-21,16-07-22,Germany,30,Male,Tablet,1 Month
1779,Premium,17,20-05-22,26-06-22,Spain,43,Female,Smartphone,1 Month
1780,Premium,18,24-11-22,21-12-22,Canada,44,Male,Smart TV,1 Month
1781,Premium,17,28-06-22,21-04-23,Brazil,39,Female,Tablet,1 Month
1782,Basic,12,18-10-22,13-07-23,United Kingdom,41,Female,Laptop,1 Month
1783,Standard,13,26-04-23,14-07-23,Germany,51,Female,Tablet,1 Month
1784,Standard,14,01-02-23,03-07-23,Canada,48,Female,Tablet,1 Month
1785,Premium,14,30-06-23,15-07-23,Canada,40,Female,Laptop,1 Month
1786,Premium,14,03-06-22,03-11-22,Australia,46,Male,Smartphone,1 Month
1787,Basic,10,24-05-23,01-07-23,Canada,43,Female,Laptop,1 Month
1788,Standard,11,06-09-21,16-08-22,France,31,Female,Tablet,1 Month
1789,Basic,12,24-10-22,19-06-23,France,29,Male,Smartphone,1 Month
1790,Standard,14,12-05-22,07-12-22,Spain,33,Female,Smartphone,1 Month
1791,Basic,10,23-05-23,14-07-23,Canada,43,Female,Tablet,1 Month
1792,Basic,10,24-10-22,22-12-22,United States,36,Female,Tablet,1 Month
1793,Standard,11,12-11-22,05-07-23,United Kingdom,35,Female,Smartphone,1 Month
1794,Standard,11,12-11-21,31-03-22,United States,43,Female,Smartphone,1 Month
1795,Standard,13,21-06-23,30-06-23,United States,46,Female,Smart TV,1 Month
1796,Basic,13,07-09-21,16-06-22,Canada,47,Female,Smartphone,1 Month
1797,Basic,10,08-02-22,12-06-22,Italy,36,Male,Smart TV,1 Month
1798,Basic,9,03-05-23,20-06-23,Australia,43,Male,Smartphone,1 Month
1799,Premium,16,02-09-21,27-04-22,United States,38,Male,Smart TV,1 Month
1800,Standard,14,26-09-22,07-07-23,France,26,Female,Smart TV,1 Month
1801,Standard,11,28-09-22,06-02-23,Brazil,50,Male,Smartphone,1 Month
1802,Basic,10,01-09-21,11-07-22,Italy,46,Male,Smart TV,1 Month
1803,Basic,12,10-06-22,29-12-22,Germany,46,Female,Laptop,1 Month
1804,Premium,17,10-01-23,26-06-23,Spain,47,Female,Smart TV,1 Month
1805,Standard,13,23-05-23,13-07-23,United Kingdom,45,Female,Laptop,1 Month
1806,Basic,12,23-11-22,29-06-23,Spain,37,Male,Tablet,1 Month
1807,Standard,12,21-05-22,04-10-22,Canada,28,Female,Tablet,1 Month
1808,Premium,14,02-10-22,07-03-23,United States,35,Female,Smartphone,1 Month
1809,Basic,12,02-06-23,23-06-23,Italy,26,Male,Smart TV,1 Month
1810,Basic,10,28-04-23,24-06-23,Mexico,41,Female,Smartphone,1 Month
1811,Premium,15,21-11-21,18-10-22,United States,43,Female,Smart TV,1 Month
1812,Basic,13,11-05-23,21-06-23,United Kingdom,42,Male,Smart TV,1 Month
1813,Basic,9,02-09-21,19-10-21,Australia,28,Female,Laptop,1 Month
1814,Standard,15,22-02-23,21-06-23,United States,50,Male,Tablet,1 Month
1815,Basic,9,08-06-22,27-12-22,United States,37,Female,Laptop,1 Month
1816,Basic,9,06-06-22,28-09-22,Germany,43,Female,Smart TV,1 Month
1817,Premium,17,21-06-22,21-04-23,Germany,47,Female,Tablet,1 Month
1818,Basic,13,15-03-22,04-10-22,Germany,42,Male,Smart TV,1 Month
1819,Premium,18,02-06-22,06-03-23,France,26,Male,Smartphone,1 Month
1820,Premium,16,27-12-21,23-01-22,United Kingdom,38,Male,Smartphone,1 Month
1821,Standard,12,05-01-23,17-04-23,Spain,43,Female,Smart TV,1 Month
1822,Basic,11,24-02-22,21-01-23,Spain,29,Female,Laptop,1 Month
1823,Standard,12,26-12-22,14-02-23,Germany,30,Male,Smartphone,1 Month
1824,Basic,11,21-06-22,02-06-23,Italy,34,Male,Smartphone,1 Month
1825,Basic,10,04-11-22,15-07-23,Canada,34,Male,Laptop,1 Month
1826,Standard,12,26-04-23,14-07-23,Canada,48,Male,Tablet,1 Month
1827,Basic,13,15-08-22,22-03-23,Canada,37,Male,Tablet,1 Month
1828,Basic,9,10-09-21,20-07-22,United States,31,Male,Tablet,1 Month
1829,Premium,18,06-03-23,28-03-23,Germany,30,Female,Smartphone,1 Month
1830,Standard,12,20-04-22,22-03-23,Italy,49,Female,Smart TV,1 Month
1831,Premium,17,13-09-21,04-10-21,Brazil,35,Female,Laptop,1 Month
1832,Basic,10,28-08-22,22-05-23,Canada,42,Female,Smartphone,1 Month
1833,Basic,13,03-02-22,26-05-22,Germany,44,Male,Smartphone,1 Month
1834,Standard,11,05-01-22,02-02-22,Canada,48,Female,Tablet,1 Month
1835,Premium,18,20-10-21,13-06-22,France,29,Female,Smartphone,1 Month
1836,Standard,15,13-09-22,08-10-22,United States,48,Female,Smartphone,1 Month
1837,Standard,13,13-02-23,09-07-23,Mexico,45,Male,Smart TV,1 Month
1838,Premium,17,02-06-23,15-07-23,United Kingdom,51,Female,Smart TV,1 Month
1839,Premium,14,05-04-22,26-01-23,Italy,43,Female,Smart TV,1 Month
1840,Basic,10,21-02-23,25-05-23,Spain,29,Female,Smartphone,1 Month
1841,Standard,13,19-10-21,05-04-22,Spain,47,Female,Laptop,1 Month
1842,Premium,16,03-04-22,03-04-23,Spain,49,Female,Tablet,1 Month
1843,Standard,11,26-02-22,29-05-22,Germany,30,Male,Tablet,1 Month
1844,Premium,14,25-03-22,16-06-22,United States,41,Male,Smartphone,1 Month
1845,Basic,10,29-06-22,28-12-22,Brazil,43,Female,Laptop,1 Month
1846,Standard,11,06-10-22,04-07-23,Australia,31,Female,Smart TV,1 Month
1847,Basic,9,23-10-22,27-04-23,United States,31,Female,Smart TV,1 Month
1848,Standard,11,23-05-22,07-12-22,France,33,Female,Laptop,1 Month
1849,Basic,13,11-02-23,15-07-23,Canada,36,Male,Laptop,1 Month
1850,Premium,15,09-11-21,02-10-22,Brazil,32,Male,Smart TV,1 Month
1851,Basic,12,02-01-23,06-07-23,United States,40,Female,Laptop,1 Month
1852,Standard,15,10-06-23,07-07-23,United States,27,Female,Laptop,1 Month
1853,Basic,9,29-06-22,04-08-22,United States,46,Male,Laptop,1 Month
1854,Standard,13,23-12-21,10-09-22,Italy,46,Male,Smartphone,1 Month
1855,Basic,10,11-12-21,18-02-22,Spain,28,Male,Smartphone,1 Month
1856,Premium,18,24-10-22,28-02-23,Brazil,38,Female,Smart TV,1 Month
1857,Premium,16,23-09-22,06-07-23,Canada,40,Female,Tablet,1 Month
1858,Standard,15,13-09-21,03-08-22,Australia,26,Female,Smartphone,1 Month
1859,Standard,14,16-06-23,29-06-23,United Kingdom,35,Male,Smart TV,1 Month
1860,Standard,11,03-12-22,19-06-23,Brazil,28,Male,Tablet,1 Month
1861,Basic,12,11-10-21,02-11-21,United States,41,Male,Tablet,1 Month
1862,Basic,9,31-01-22,08-05-22,Canada,27,Male,Laptop,1 Month
1863,Basic,13,04-01-23,30-03-23,United States,47,Female,Tablet,1 Month
1864,Basic,11,17-04-22,12-05-22,Italy,48,Male,Smartphone,1 Month
1865,Basic,12,17-06-23,24-06-23,Australia,33,Male,Laptop,1 Month
1866,Premium,15,20-12-22,20-06-23,United States,39,Male,Laptop,1 Month
1867,Basic,10,30-05-23,03-07-23,United Kingdom,42,Male,Laptop,1 Month
1868,Standard,12,25-03-23,23-06-23,Brazil,34,Female,Laptop,1 Month
1869,Premium,17,17-09-22,30-03-23,Canada,48,Female,Smart TV,1 Month
1870,Premium,14,23-10-22,26-05-23,Mexico,29,Female,Smart TV,1 Month
1871,Basic,10,13-01-23,17-03-23,France,36,Female,Tablet,1 Month
1872,Premium,17,15-09-22,15-07-23,Canada,50,Male,Smartphone,1 Month
1873,Basic,11,20-04-23,23-06-23,United States,27,Female,Tablet,1 Month
1874,Standard,11,26-05-23,27-06-23,Brazil,28,Male,Laptop,1 Month
1875,Standard,13,15-12-22,29-06-23,United States,33,Male,Laptop,1 Month
1876,Standard,13,27-09-21,28-05-22,United Kingdom,40,Male,Laptop,1 Month
1877,Standard,13,02-06-23,21-06-23,Spain,39,Male,Tablet,1 Month
1878,Basic,11,29-04-23,21-06-23,United Kingdom,42,Female,Laptop,1 Month
1879,Standard,11,25-12-21,17-05-22,Australia,35,Female,Tablet,1 Month
1880,Standard,14,26-01-23,02-06-23,United States,45,Male,Smartphone,1 Month
1881,Basic,9,14-06-22,28-04-23,France,38,Male,Smart TV,1 Month
1882,Standard,15,26-02-22,27-06-22,Mexico,50,Male,Tablet,1 Month
1883,Basic,12,17-01-22,07-10-22,United States,46,Male,Smart TV,1 Month
1884,Standard,12,30-11-22,06-04-23,Brazil,42,Male,Smartphone,1 Month
1885,Basic,10,04-04-22,21-03-23,Australia,40,Male,Smart TV,1 Month
1886,Basic,10,11-06-22,03-06-23,United Kingdom,37,Female,Laptop,1 Month
1887,Basic,13,29-10-21,23-11-21,Italy,43,Male,Smart TV,1 Month
1888,Premium,17,30-08-22,12-10-22,United Kingdom,41,Male,Tablet,1 Month
1889,Standard,13,08-06-23,29-06-23,Italy,48,Male,Smart TV,1 Month
1890,Basic,10,02-10-22,10-06-23,United States,45,Male,Tablet,1 Month
1891,Basic,9,09-07-22,27-04-23,Brazil,29,Female,Laptop,1 Month
1892,Premium,14,15-01-22,18-03-22,Germany,42,Female,Smart TV,1 Month
1893,Basic,11,29-11-21,05-08-22,United Kingdom,43,Male,Smart TV,1 Month
1894,Basic,10,19-09-22,17-03-23,United States,29,Male,Smart TV,1 Month
1895,Standard,15,06-07-22,28-01-23,Canada,34,Male,Laptop,1 Month
1896,Basic,11,27-03-23,07-07-23,United Kingdom,34,Male,Smartphone,1 Month
1897,Premium,16,07-12-21,18-08-22,Australia,48,Female,Tablet,1 Month
1898,Premium,18,19-10-21,05-07-22,Canada,39,Male,Smartphone,1 Month
1899,Basic,11,11-10-21,07-11-21,Italy,27,Male,Smart TV,1 Month
1900,Premium,14,28-11-21,06-08-22,Australia,51,Male,Smartphone,1 Month
1901,Premium,15,17-11-22,28-06-23,France,37,Female,Smartphone,1 Month
1902,Standard,14,06-11-22,24-12-22,United Kingdom,47,Male,Smartphone,1 Month
1903,Basic,12,07-07-22,06-04-23,Spain,41,Female,Tablet,1 Month
1904,Standard,13,19-09-21,05-07-22,United States,32,Male,Smartphone,1 Month
1905,Basic,13,01-09-22,25-02-23,Italy,42,Female,Laptop,1 Month
1906,Standard,15,08-05-22,29-07-22,Italy,36,Male,Tablet,1 Month
1907,Basic,12,05-02-23,22-06-23,United Kingdom,45,Female,Tablet,1 Month
1908,Premium,16,10-12-21,21-02-22,Spain,31,Female,Tablet,1 Month
1909,Premium,17,27-09-22,19-01-23,Canada,44,Male,Smartphone,1 Month
1910,Basic,13,15-12-22,18-02-23,Germany,51,Female,Tablet,1 Month
1911,Basic,13,04-12-22,28-06-23,Brazil,28,Male,Laptop,1 Month
1912,Basic,11,25-03-23,22-06-23,Italy,34,Female,Smart TV,1 Month
1913,Premium,18,16-03-23,25-06-23,Canada,33,Female,Laptop,1 Month
1914,Premium,14,03-11-21,16-07-22,United States,31,Male,Smartphone,1 Month
1915,Basic,11,20-09-21,15-04-22,Brazil,48,Male,Tablet,1 Month
1916,Basic,11,15-02-22,18-12-22,United States,45,Male,Smart TV,1 Month
1917,Standard,11,19-11-22,06-07-23,United Kingdom,26,Female,Laptop,1 Month
1918,Premium,17,13-06-22,23-10-22,Italy,44,Male,Tablet,1 Month
1919,Basic,12,17-10-22,04-06-23,Canada,42,Male,Laptop,1 Month
1920,Premium,17,16-04-22,18-06-22,Spain,42,Male,Tablet,1 Month
1921,Standard,13,05-04-23,01-07-23,United States,38,Male,Laptop,1 Month
1922,Basic,9,23-07-22,27-05-23,France,39,Male,Smart TV,1 Month
1923,Standard,11,04-02-23,15-07-23,Germany,30,Female,Smartphone,1 Month
1924,Premium,17,19-08-22,26-11-22,Canada,48,Male,Smart TV,1 Month
1925,Premium,18,03-05-23,20-06-23,Brazil,46,Female,Tablet,1 Month
1926,Standard,11,24-11-21,23-08-22,Mexico,44,Male,Smart TV,1 Month
1927,Premium,15,09-09-22,09-12-22,Canada,41,Female,Tablet,1 Month
1928,Premium,14,15-09-22,31-10-22,France,39,Male,Smart TV,1 Month
1929,Standard,15,19-08-22,28-12-22,Spain,43,Male,Smartphone,1 Month
1930,Basic,12,28-04-23,18-05-23,Brazil,34,Female,Laptop,1 Month
1931,Premium,16,11-06-23,02-07-23,Australia,39,Male,Smart TV,1 Month
1932,Premium,14,14-10-21,24-02-22,United States,47,Female,Tablet,1 Month
1933,Standard,15,10-08-22,02-03-23,Australia,51,Female,Laptop,1 Month
1934,Basic,13,24-02-23,12-07-23,Germany,32,Male,Laptop,1 Month
1935,Basic,9,12-04-22,03-04-23,United States,47,Female,Smart TV,1 Month
1936,Basic,12,21-02-23,02-07-23,Brazil,44,Male,Smart TV,1 Month
1937,Standard,14,29-01-22,04-04-22,United States,32,Male,Smart TV,1 Month
1938,Basic,10,30-06-23,11-07-23,Spain,50,Female,Laptop,1 Month
1939,Standard,14,02-04-23,10-07-23,Germany,38,Female,Smart TV,1 Month
1940,Standard,11,07-06-22,01-01-23,United States,36,Male,Smart TV,1 Month
1941,Basic,10,20-04-22,18-10-22,France,46,Male,Smart TV,1 Month
1942,Basic,11,03-10-22,26-02-23,United States,27,Female,Laptop,1 Month
1943,Premium,15,28-01-23,25-03-23,Germany,38,Male,Smartphone,1 Month
1944,Standard,13,02-02-23,08-07-23,Germany,48,Female,Smart TV,1 Month
1945,Standard,15,09-07-22,27-02-23,United Kingdom,47,Male,Laptop,1 Month
1946,Standard,13,23-12-22,14-07-23,Mexico,27,Female,Tablet,1 Month
1947,Premium,18,22-07-22,12-12-22,Italy,45,Male,Laptop,1 Month
1948,Basic,13,30-07-22,13-05-23,Canada,31,Female,Laptop,1 Month
1949,Standard,11,16-05-23,03-07-23,United States,26,Male,Smart TV,1 Month
1950,Standard,12,29-06-22,26-05-23,France,39,Female,Smart TV,1 Month
1951,Standard,12,02-09-21,26-03-22,Canada,36,Male,Laptop,1 Month
1952,Premium,16,14-08-22,08-07-23,France,40,Male,Smartphone,1 Month
1953,Basic,13,20-11-22,26-02-23,Canada,34,Female,Laptop,1 Month
1954,Basic,10,25-04-22,01-09-22,France,36,Female,Tablet,1 Month
1955,Basic,10,15-02-23,25-03-23,Spain,34,Female,Laptop,1 Month
1956,Standard,11,18-07-22,03-01-23,United States,35,Male,Smartphone,1 Month
1957,Premium,15,26-02-22,07-04-22,Australia,44,Female,Smart TV,1 Month
1958,Premium,17,23-03-23,04-05-23,United Kingdom,45,Male,Smartphone,1 Month
1959,Basic,13,27-11-22,21-06-23,Brazil,36,Male,Laptop,1 Month
1960,Standard,11,07-09-21,25-07-22,United Kingdom,47,Male,Laptop,1 Month
1961,Standard,13,19-07-22,31-05-23,France,45,Male,Tablet,1 Month
1962,Basic,12,15-09-22,24-11-22,Brazil,45,Female,Laptop,1 Month
1963,Basic,9,05-06-23,30-06-23,Spain,29,Female,Smartphone,1 Month
1964,Standard,13,25-05-22,18-10-22,United States,39,Male,Laptop,1 Month
1965,Basic,9,26-03-22,19-03-23,Canada,42,Male,Smart TV,1 Month
1966,Standard,15,19-12-21,06-03-22,Spain,33,Female,Tablet,1 Month
1967,Premium,17,23-12-22,05-02-23,United States,46,Male,Laptop,1 Month
1968,Standard,13,10-02-22,30-01-23,Australia,46,Female,Laptop,1 Month
1969,Basic,11,06-12-22,28-12-22,Mexico,49,Female,Smartphone,1 Month
1970,Standard,15,13-03-23,07-07-23,Spain,48,Male,Smart TV,1 Month
1971,Standard,15,03-10-21,19-11-21,Australia,38,Male,Laptop,1 Month
1972,Standard,11,11-09-22,10-01-23,Brazil,41,Female,Tablet,1 Month
1973,Standard,11,14-03-22,23-05-22,Brazil,26,Male,Smartphone,1 Month
1974,Standard,12,23-09-22,08-02-23,Canada,42,Male,Smart TV,1 Month
1975,Premium,18,23-12-21,08-05-22,Canada,35,Male,Laptop,1 Month
1976,Basic,11,20-12-21,28-07-22,Australia,40,Male,Tablet,1 Month
1977,Premium,18,02-10-21,05-04-22,Italy,33,Male,Smart TV,1 Month
1978,Basic,9,23-02-23,02-07-23,United States,33,Female,Smartphone,1 Month
1979,Basic,11,03-01-22,09-06-22,Australia,43,Male,Smart TV,1 Month
1980,Standard,12,06-01-22,10-04-22,United States,26,Female,Smartphone,1 Month
1981,Premium,16,03-04-23,15-07-23,Mexico,51,Female,Smartphone,1 Month
1982,Basic,10,06-07-22,09-04-23,Australia,50,Female,Laptop,1 Month
1983,Standard,13,30-12-22,22-02-23,Spain,33,Female,Smart TV,1 Month
1984,Basic,10,04-01-23,05-07-23,Canada,26,Male,Tablet,1 Month
1985,Standard,13,16-11-22,30-06-23,United Kingdom,40,Female,Smartphone,1 Month
1986,Standard,12,19-10-21,21-01-22,United Kingdom,31,Male,Smart TV,1 Month
1987,Standard,12,14-12-22,09-07-23,United States,34,Female,Tablet,1 Month
1988,Standard,13,20-08-22,15-07-23,France,41,Female,Laptop,1 Month
1989,Premium,15,12-04-23,06-07-23,United States,40,Male,Tablet,1 Month
1990,Premium,17,23-01-22,28-11-22,France,31,Male,Tablet,1 Month
1991,Standard,14,09-10-21,03-10-22,Australia,51,Male,Tablet,1 Month
1992,Premium,17,12-02-22,29-12-22,Mexico,39,Female,Tablet,1 Month
1993,Standard,14,10-03-23,02-07-23,Germany,33,Female,Smart TV,1 Month
1994,Basic,9,24-06-23,04-07-23,United States,44,Female,Laptop,1 Month
1995,Basic,13,08-05-23,10-07-23,United Kingdom,38,Male,Smartphone,1 Month
1996,Premium,16,15-10-21,17-02-22,United States,34,Female,Smart TV,1 Month
1997,Premium,14,19-03-23,09-07-23,United States,45,Male,Laptop,1 Month
1998,Premium,14,20-04-22,14-02-23,Australia,28,Male,Tablet,1 Month
1999,Standard,11,17-06-23,13-07-23,Italy,39,Male,Smartphone,1 Month
2000,Basic,12,05-02-22,23-03-22,Brazil,43,Female,Tablet,1 Month
2001,Premium,18,10-02-22,22-11-22,Australia,38,Female,Tablet,1 Month
2002,Standard,11,22-05-23,20-06-23,Brazil,27,Female,Laptop,1 Month
2003,Basic,10,14-09-22,13-11-22,Spain,31,Female,Smart TV,1 Month
2004,Basic,12,27-10-21,03-02-22,France,27,Male,Smart TV,1 Month
2005,Standard,15,01-06-23,25-06-23,Canada,29,Female,Tablet,1 Month
2006,Premium,18,11-08-22,14-09-22,Spain,32,Female,Smartphone,1 Month
2007,Standard,14,17-04-22,10-12-22,Germany,35,Male,Smart TV,1 Month
2008,Premium,17,28-01-22,26-02-22,United States,41,Male,Laptop,1 Month
2009,Basic,11,15-11-22,27-01-23,Germany,47,Female,Smart TV,1 Month
2010,Basic,12,17-10-21,14-07-22,United Kingdom,39,Female,Tablet,1 Month
2011,Standard,11,19-11-22,18-04-23,Canada,46,Male,Laptop,1 Month
2012,Standard,14,29-09-22,26-10-22,United States,42,Female,Tablet,1 Month
2013,Basic,9,16-02-23,22-06-23,France,40,Female,Laptop,1 Month
2014,Basic,10,29-04-23,14-07-23,United Kingdom,45,Male,Tablet,1 Month
2015,Basic,13,26-11-21,20-02-22,Brazil,30,Female,Tablet,1 Month
2016,Premium,14,24-05-22,16-08-22,Canada,39,Male,Smart TV,1 Month
2017,Basic,9,29-11-21,02-01-22,United Kingdom,29,Female,Smart TV,1 Month
2018,Basic,13,19-07-22,29-11-22,Spain,39,Female,Smartphone,1 Month
2019,Basic,9,08-02-23,25-03-23,United Kingdom,41,Female,Smartphone,1 Month
2020,Basic,9,11-03-22,21-09-22,Canada,32,Female,Smart TV,1 Month
2021,Premium,15,16-01-23,21-06-23,United States,50,Male,Laptop,1 Month
2022,Basic,11,22-08-22,06-03-23,France,51,Male,Smart TV,1 Month
2023,Basic,12,12-04-23,06-07-23,United Kingdom,50,Female,Smart TV,1 Month
2024,Premium,17,08-02-22,21-10-22,United States,32,Male,Laptop,1 Month
2025,Basic,10,30-10-22,10-07-23,Germany,30,Female,Smart TV,1 Month
2026,Standard,11,06-06-22,21-04-23,Brazil,40,Male,Smart TV,1 Month
2027,Premium,14,14-12-21,24-10-22,Mexico,28,Male,Tablet,1 Month
2028,Basic,11,19-09-21,28-11-21,United States,36,Female,Laptop,1 Month
2029,Premium,14,28-04-23,26-06-23,United States,41,Male,Smartphone,1 Month
2030,Standard,14,06-05-22,21-12-22,France,48,Male,Smart TV,1 Month
2031,Premium,18,09-06-22,17-09-22,Australia,49,Female,Tablet,1 Month
2032,Premium,16,22-11-21,01-09-22,Australia,35,Female,Smartphone,1 Month
2033,Premium,17,23-02-22,30-01-23,Mexico,49,Female,Tablet,1 Month
2034,Basic,13,26-05-23,14-07-23,Spain,33,Female,Laptop,1 Month
2035,Standard,12,29-03-23,06-07-23,United States,44,Female,Smart TV,1 Month
2036,Standard,14,31-12-21,29-12-22,Spain,35,Male,Smart TV,1 Month
2037,Basic,12,15-09-22,08-04-23,United States,32,Male,Tablet,1 Month
2038,Basic,10,13-01-22,22-11-22,Brazil,46,Female,Smart TV,1 Month
2039,Basic,11,14-05-23,04-07-23,Spain,26,Female,Smartphone,1 Month
2040,Premium,17,11-10-21,24-02-22,Mexico,41,Male,Smartphone,1 Month
2041,Premium,18,06-03-22,02-01-23,Canada,44,Male,Tablet,1 Month
2042,Premium,15,14-11-22,22-05-23,France,47,Female,Smartphone,1 Month
2043,Premium,15,28-06-23,11-07-23,Mexico,44,Female,Laptop,1 Month
2044,Standard,12,11-12-21,22-10-22,United States,42,Male,Smartphone,1 Month
2045,Basic,12,04-06-23,11-07-23,Brazil,42,Female,Smartphone,1 Month
2046,Standard,15,24-04-23,22-06-23,Italy,30,Female,Smartphone,1 Month
2047,Basic,12,14-10-22,24-12-22,United States,31,Male,Tablet,1 Month
2048,Standard,14,01-04-23,30-06-23,Brazil,30,Male,Smartphone,1 Month
2049,Basic,13,25-02-22,08-01-23,Spain,27,Female,Smartphone,1 Month
2050,Standard,14,01-10-21,06-12-21,Germany,34,Male,Smartphone,1 Month
2051,Basic,12,12-03-22,14-02-23,Canada,38,Female,Smartphone,1 Month
2052,Standard,12,16-10-21,21-08-22,Spain,38,Female,Tablet,1 Month
2053,Premium,17,23-04-22,30-09-22,Spain,40,Female,Smartphone,1 Month
2054,Premium,15,29-09-21,21-12-21,Spain,47,Male,Smartphone,1 Month
2055,Standard,12,14-02-22,04-08-22,Germany,45,Female,Smart TV,1 Month
2056,Premium,16,22-07-22,25-03-23,Australia,50,Female,Laptop,1 Month
2057,Premium,16,16-03-22,15-02-23,Italy,36,Male,Smartphone,1 Month
2058,Standard,15,17-05-23,30-06-23,United States,36,Male,Tablet,1 Month
2059,Basic,10,23-06-22,17-11-22,France,38,Male,Smartphone,1 Month
2060,Premium,15,24-11-22,07-04-23,United Kingdom,46,Male,Tablet,1 Month
2061,Premium,16,28-03-23,02-07-23,United States,45,Male,Smart TV,1 Month
2062,Standard,13,15-01-23,15-07-23,Mexico,45,Male,Smart TV,1 Month
2063,Premium,16,31-08-22,06-07-23,Canada,47,Female,Smart TV,1 Month
2064,Standard,12,06-12-22,05-07-23,United Kingdom,34,Female,Laptop,1 Month
2065,Basic,12,13-07-22,14-09-22,Germany,30,Female,Laptop,1 Month
2066,Premium,17,24-05-22,05-02-23,Brazil,27,Male,Smart TV,1 Month
2067,Premium,15,23-05-22,26-01-23,Italy,41,Female,Laptop,1 Month
2068,Standard,12,10-10-22,29-06-23,United Kingdom,31,Male,Smart TV,1 Month
2069,Basic,10,02-03-22,09-11-22,Australia,34,Female,Smart TV,1 Month
2070,Standard,11,29-11-22,14-07-23,United States,46,Male,Laptop,1 Month
2071,Standard,11,03-05-23,04-07-23,Mexico,30,Male,Tablet,1 Month
2072,Premium,14,02-04-23,25-04-23,United States,37,Female,Smart TV,1 Month
2073,Standard,15,26-02-22,06-02-23,Germany,43,Female,Smart TV,1 Month
2074,Basic,11,31-01-23,07-07-23,Australia,27,Female,Smart TV,1 Month
2075,Premium,15,16-09-21,19-04-22,Spain,33,Female,Tablet,1 Month
2076,Premium,14,31-01-22,10-09-22,United Kingdom,47,Female,Smart TV,1 Month
2077,Basic,10,11-07-22,07-10-22,Brazil,27,Male,Laptop,1 Month
2078,Basic,10,31-05-22,25-07-22,Germany,38,Female,Laptop,1 Month
2079,Premium,14,30-07-22,30-05-23,Canada,28,Male,Laptop,1 Month
2080,Premium,14,13-03-22,03-02-23,United States,36,Male,Smart TV,1 Month
2081,Standard,15,14-07-22,12-03-23,United States,38,Female,Laptop,1 Month
2082,Premium,15,30-03-22,07-08-22,United States,27,Male,Laptop,1 Month
2083,Basic,9,05-06-22,24-09-22,France,47,Male,Laptop,1 Month
2084,Basic,9,08-04-23,03-07-23,United States,42,Male,Laptop,1 Month
2085,Basic,9,16-04-23,13-07-23,Spain,44,Male,Smartphone,1 Month
2086,Premium,17,13-12-21,11-10-22,Brazil,32,Female,Tablet,1 Month
2087,Premium,14,14-11-21,17-09-22,Germany,50,Male,Tablet,1 Month
2088,Standard,14,15-11-21,15-12-21,Germany,46,Female,Smartphone,1 Month
2089,Premium,18,30-04-23,08-07-23,Mexico,48,Female,Laptop,1 Month
2090,Basic,9,26-09-21,05-09-22,United States,48,Female,Smartphone,1 Month
2091,Standard,11,23-02-23,23-06-23,Italy,36,Female,Smartphone,1 Month
2092,Premium,14,24-01-23,10-07-23,France,40,Male,Smart TV,1 Month
2093,Standard,14,12-08-22,09-12-22,Brazil,30,Male,Laptop,1 Month
2094,Standard,13,17-10-22,29-06-23,France,48,Female,Tablet,1 Month
2095,Basic,11,13-02-22,14-03-22,United States,40,Male,Laptop,1 Month
2096,Basic,11,07-01-23,20-02-23,Brazil,30,Male,Smart TV,1 Month
2097,Basic,13,11-02-23,27-05-23,France,35,Female,Smart TV,1 Month
2098,Basic,13,08-01-23,14-07-23,Spain,32,Male,Smart TV,1 Month
2099,Basic,13,10-09-21,04-07-22,Spain,49,Female,Laptop,1 Month
2100,Premium,18,30-11-21,08-03-22,Spain,39,Female,Smart TV,1 Month
2101,Basic,12,18-08-22,06-01-23,France,30,Female,Smartphone,1 Month
2102,Premium,16,09-09-22,05-11-22,United Kingdom,40,Male,Tablet,1 Month
2103,Standard,12,02-01-23,29-01-23,United Kingdom,44,Female,Smartphone,1 Month
2104,Basic,12,24-11-21,09-01-22,Spain,29,Male,Smartphone,1 Month
2105,Basic,9,14-07-22,22-09-22,Canada,27,Female,Smartphone,1 Month
2106,Basic,10,31-10-21,19-01-22,Germany,48,Female,Smartphone,1 Month
2107,Premium,14,11-01-23,21-02-23,United Kingdom,37,Male,Smartphone,1 Month
2108,Standard,11,15-11-22,09-06-23,Canada,40,Female,Tablet,1 Month
2109,Basic,10,21-12-22,08-07-23,United Kingdom,31,Female,Tablet,1 Month
2110,Standard,11,24-07-22,19-04-23,France,51,Female,Smartphone,1 Month
2111,Basic,9,11-10-21,19-12-21,United States,39,Male,Tablet,1 Month
2112,Basic,11,11-11-22,12-07-23,Italy,48,Male,Laptop,1 Month
2113,Basic,11,09-08-22,02-11-22,Canada,36,Male,Tablet,1 Month
2114,Premium,16,02-01-22,17-08-22,Spain,32,Male,Laptop,1 Month
2115,Basic,10,23-10-21,29-08-22,United States,50,Male,Tablet,1 Month
2116,Basic,12,05-03-22,02-10-22,France,36,Female,Laptop,1 Month
2117,Basic,12,06-06-22,26-11-22,Canada,37,Male,Smartphone,1 Month
2118,Premium,18,04-10-22,24-06-23,Spain,45,Female,Smartphone,1 Month
2119,Basic,13,24-07-22,18-12-22,United Kingdom,47,Female,Smart TV,1 Month
2120,Premium,15,09-01-22,24-03-22,Germany,29,Male,Tablet,1 Month
2121,Basic,10,02-06-22,23-10-22,United States,51,Female,Tablet,1 Month
2122,Standard,14,03-03-22,29-05-22,Spain,36,Male,Laptop,1 Month
2123,Standard,13,02-07-22,01-12-22,Italy,44,Female,Smart TV,1 Month
2124,Premium,14,08-04-22,27-07-22,Brazil,47,Male,Smartphone,1 Month
2125,Standard,12,10-03-22,14-12-22,United States,48,Female,Laptop,1 Month
2126,Basic,9,01-11-22,11-07-23,United States,41,Male,Laptop,1 Month
2127,Standard,15,08-10-22,23-04-23,Germany,35,Male,Smart TV,1 Month
2128,Standard,12,27-10-22,05-02-23,United States,32,Female,Smartphone,1 Month
2129,Standard,15,11-04-23,26-06-23,Spain,27,Female,Smartphone,1 Month
2130,Standard,12,20-05-22,03-04-23,Mexico,29,Male,Smartphone,1 Month
2131,Premium,18,29-01-22,24-08-22,United States,39,Male,Tablet,1 Month
2132,Standard,14,25-09-21,08-01-22,Italy,48,Female,Laptop,1 Month
2133,Basic,9,08-05-22,14-10-22,Mexico,31,Female,Tablet,1 Month
2134,Basic,11,14-01-23,28-06-23,Mexico,40,Female,Smart TV,1 Month
2135,Premium,15,30-07-22,25-03-23,United States,49,Male,Smartphone,1 Month
2136,Standard,13,22-05-22,06-05-23,Brazil,27,Male,Smart TV,1 Month
2137,Premium,15,09-06-22,19-05-23,Spain,43,Male,Smartphone,1 Month
2138,Basic,9,07-02-22,20-11-22,United Kingdom,49,Female,Smart TV,1 Month
2139,Premium,14,27-11-21,24-10-22,Brazil,37,Female,Tablet,1 Month
2140,Premium,18,05-12-21,04-04-22,Spain,30,Male,Tablet,1 Month
2141,Standard,15,26-09-21,18-12-21,United States,47,Male,Laptop,1 Month
2142,Premium,16,28-02-23,27-05-23,Mexico,38,Female,Smartphone,1 Month
2143,Standard,12,02-02-22,08-12-22,Spain,44,Female,Smartphone,1 Month
2144,Basic,9,16-04-23,21-06-23,France,48,Male,Smart TV,1 Month
2145,Premium,18,13-07-22,18-10-22,Australia,35,Male,Smartphone,1 Month
2146,Premium,18,03-06-23,01-07-23,Germany,33,Male,Smart TV,1 Month
2147,Premium,16,04-05-23,27-06-23,United Kingdom,35,Male,Smart TV,1 Month
2148,Basic,10,02-10-21,23-05-22,Canada,44,Female,Smartphone,1 Month
2149,Standard,14,29-04-23,21-05-23,Italy,30,Male,Tablet,1 Month
2150,Basic,12,01-04-23,09-07-23,United States,45,Female,Smart TV,1 Month
2151,Basic,10,19-01-23,21-06-23,Germany,40,Female,Smartphone,1 Month
2152,Standard,15,24-09-22,15-02-23,Canada,46,Female,Laptop,1 Month
2153,Premium,16,08-11-21,03-10-22,United States,27,Male,Tablet,1 Month
2154,Premium,16,28-10-21,12-03-22,United States,38,Female,Smart TV,1 Month
2155,Basic,12,30-04-23,14-07-23,Australia,34,Male,Tablet,1 Month
2156,Basic,9,15-04-22,21-02-23,France,46,Male,Smartphone,1 Month
2157,Premium,15,01-05-22,15-09-22,Spain,32,Female,Smartphone,1 Month
2158,Basic,9,15-06-23,25-06-23,United States,34,Female,Laptop,1 Month
2159,Premium,15,03-08-22,21-05-23,Germany,49,Female,Laptop,1 Month
2160,Basic,12,10-01-23,10-07-23,Italy,29,Female,Smartphone,1 Month
2161,Standard,15,02-03-22,13-06-22,Italy,42,Female,Tablet,1 Month
2162,Premium,14,08-09-21,03-05-22,United States,39,Male,Tablet,1 Month
2163,Basic,13,25-06-23,05-07-23,United States,32,Male,Tablet,1 Month
2164,Standard,15,29-12-21,28-02-22,Canada,34,Male,Laptop,1 Month
2165,Basic,13,30-05-23,13-07-23,Australia,36,Male,Laptop,1 Month
2166,Basic,9,24-11-21,05-07-22,United Kingdom,43,Male,Smart TV,1 Month
2167,Standard,13,28-05-22,23-10-22,France,41,Female,Smart TV,1 Month
2168,Standard,13,18-03-22,17-08-22,Germany,31,Female,Tablet,1 Month
2169,Basic,13,07-12-21,11-09-22,Canada,36,Female,Smart TV,1 Month
2170,Standard,13,02-03-23,27-06-23,France,45,Male,Smart TV,1 Month
2171,Premium,18,14-11-22,07-07-23,United States,27,Male,Smart TV,1 Month
2172,Premium,14,08-06-23,15-07-23,Canada,35,Female,Laptop,1 Month
2173,Basic,9,11-10-21,11-07-22,France,32,Female,Laptop,1 Month
2174,Basic,9,08-02-22,12-05-22,Germany,50,Female,Laptop,1 Month
2175,Standard,13,12-12-22,27-06-23,Germany,30,Female,Laptop,1 Month
2176,Basic,9,28-02-22,06-08-22,United States,43,Female,Laptop,1 Month
2177,Standard,12,27-03-23,29-06-23,United Kingdom,44,Female,Tablet,1 Month
2178,Premium,16,05-05-23,02-07-23,United States,30,Female,Tablet,1 Month
2179,Premium,16,29-05-23,26-06-23,Australia,34,Female,Tablet,1 Month
2180,Standard,15,19-10-22,20-05-23,Brazil,46,Male,Smart TV,1 Month
2181,Premium,15,07-01-23,22-06-23,United Kingdom,29,Female,Smartphone,1 Month
2182,Basic,9,12-02-22,01-12-22,Canada,44,Male,Tablet,1 Month
2183,Standard,11,20-05-23,01-07-23,France,26,Male,Laptop,1 Month
2184,Basic,13,25-04-23,02-07-23,Canada,35,Male,Laptop,1 Month
2185,Basic,11,25-08-22,08-04-23,Australia,33,Female,Laptop,1 Month
2186,Premium,15,23-01-22,23-01-23,United Kingdom,30,Male,Smart TV,1 Month
2187,Standard,15,01-07-22,08-06-23,Germany,27,Male,Tablet,1 Month
2188,Premium,15,07-03-23,23-06-23,Germany,32,Male,Smart TV,1 Month
2189,Standard,15,27-04-22,20-12-22,United States,38,Male,Tablet,1 Month
2190,Premium,15,26-06-23,08-07-23,France,34,Male,Laptop,1 Month
2191,Standard,15,01-06-22,15-10-22,Canada,35,Female,Smartphone,1 Month
2192,Basic,10,17-12-22,22-06-23,Brazil,51,Female,Smart TV,1 Month
2193,Basic,9,03-01-23,12-07-23,United Kingdom,26,Male,Smartphone,1 Month
2194,Premium,17,20-09-22,29-03-23,Spain,38,Male,Tablet,1 Month
2195,Basic,9,28-10-21,24-05-22,Spain,44,Male,Smart TV,1 Month
2196,Standard,14,15-10-22,25-06-23,Mexico,37,Female,Tablet,1 Month
2197,Standard,13,12-08-22,03-09-22,United Kingdom,39,Male,Tablet,1 Month
2198,Standard,14,30-05-23,26-06-23,United States,27,Female,Smartphone,1 Month
2199,Standard,13,30-03-23,07-07-23,Canada,51,Male,Smartphone,1 Month
2200,Premium,14,19-07-22,26-08-22,Canada,50,Female,Tablet,1 Month
2201,Premium,15,28-06-22,26-04-23,Germany,40,Female,Smartphone,1 Month
2202,Basic,13,09-01-22,30-08-22,Spain,44,Female,Tablet,1 Month
2203,Basic,13,23-09-21,01-02-22,Italy,48,Male,Smart TV,1 Month
2204,Standard,13,25-01-23,02-05-23,United States,46,Female,Smartphone,1 Month
2205,Premium,16,08-12-22,24-06-23,Canada,33,Female,Tablet,1 Month
2206,Standard,15,26-06-22,20-01-23,Mexico,26,Male,Laptop,1 Month
2207,Basic,10,25-10-22,22-11-22,United States,32,Female,Smart TV,1 Month
2208,Basic,12,19-04-22,20-06-22,Spain,44,Male,Smart TV,1 Month
2209,Standard,14,21-05-22,03-01-23,United States,34,Male,Smartphone,1 Month
2210,Premium,17,09-05-23,29-06-23,United States,47,Male,Laptop,1 Month
2211,Basic,10,28-02-23,12-05-23,Australia,29,Female,Laptop,1 Month
2212,Standard,13,04-01-22,17-07-22,Spain,33,Female,Smart TV,1 Month
2213,Premium,14,14-11-22,04-04-23,Brazil,40,Male,Smartphone,1 Month
2214,Standard,13,21-12-21,13-01-22,Spain,30,Male,Tablet,1 Month
2215,Premium,18,07-10-21,05-05-22,Germany,28,Male,Tablet,1 Month
2216,Standard,14,13-10-22,19-11-22,Australia,39,Male,Tablet,1 Month
2217,Premium,15,25-10-21,07-09-22,United Kingdom,47,Male,Laptop,1 Month
2218,Standard,15,29-04-23,12-07-23,United States,30,Female,Tablet,1 Month
2219,Basic,10,19-03-22,03-11-22,Brazil,29,Male,Smartphone,1 Month
2220,Standard,14,13-09-22,04-05-23,Italy,48,Male,Smartphone,1 Month
2221,Premium,14,14-05-23,28-06-23,United States,40,Female,Smartphone,1 Month
2222,Standard,14,12-09-21,03-09-22,United States,34,Female,Smart TV,1 Month
2223,Premium,17,16-05-23,28-06-23,Mexico,33,Female,Smart TV,1 Month
2224,Standard,12,01-09-22,06-11-22,United States,27,Female,Smartphone,1 Month
2225,Basic,12,02-05-22,27-03-23,France,47,Male,Smart TV,1 Month
2226,Basic,13,20-07-22,28-04-23,Canada,45,Male,Smart TV,1 Month
2227,Basic,12,11-10-22,21-04-23,United Kingdom,31,Male,Laptop,1 Month
2228,Basic,9,25-05-22,29-01-23,United States,31,Female,Tablet,1 Month
2229,Premium,14,25-12-22,28-06-23,Canada,49,Female,Tablet,1 Month
2230,Basic,9,06-06-23,03-07-23,Australia,44,Male,Smartphone,1 Month
2231,Basic,13,27-09-22,16-06-23,United States,47,Female,Smartphone,1 Month
2232,Premium,17,28-12-21,04-07-22,Australia,28,Male,Smart TV,1 Month
2233,Standard,15,16-01-22,18-05-22,France,40,Female,Tablet,1 Month
2234,Premium,16,10-04-22,20-08-22,Australia,49,Male,Laptop,1 Month
2235,Premium,17,17-11-21,07-08-22,Spain,41,Male,Laptop,1 Month
2236,Standard,14,01-06-23,21-06-23,United States,36,Male,Laptop,1 Month
2237,Premium,18,31-03-22,31-01-23,Italy,47,Male,Tablet,1 Month
2238,Standard,12,19-09-22,01-06-23,Brazil,37,Female,Smartphone,1 Month
2239,Premium,14,10-05-23,30-06-23,Spain,37,Female,Smart TV,1 Month
2240,Basic,10,27-03-23,22-06-23,France,36,Male,Smart TV,1 Month
2241,Premium,16,27-11-21,05-09-22,France,39,Female,Laptop,1 Month
2242,Basic,13,09-03-22,16-07-22,Brazil,36,Female,Smartphone,1 Month
2243,Premium,14,02-04-23,25-06-23,Germany,35,Male,Tablet,1 Month
2244,Premium,18,02-06-22,26-05-23,United Kingdom,33,Male,Smart TV,1 Month
2245,Basic,9,14-05-22,14-02-23,Italy,43,Male,Laptop,1 Month
2246,Basic,11,03-11-21,31-01-22,Spain,50,Male,Laptop,1 Month
2247,Standard,14,19-03-23,12-06-23,Mexico,41,Female,Laptop,1 Month
2248,Premium,17,07-02-22,29-03-22,Brazil,27,Male,Smartphone,1 Month
2249,Basic,10,17-01-23,22-03-23,Brazil,48,Male,Smart TV,1 Month
2250,Premium,14,03-06-22,16-08-22,Spain,45,Male,Laptop,1 Month
2251,Standard,15,23-10-21,22-08-22,Germany,39,Female,Smartphone,1 Month
2252,Standard,13,06-09-22,12-05-23,Germany,43,Male,Smartphone,1 Month
2253,Standard,13,14-09-22,23-04-23,Germany,51,Male,Smart TV,1 Month
2254,Premium,15,19-10-22,08-12-22,Mexico,42,Male,Laptop,1 Month
2255,Premium,17,05-09-21,18-10-21,United Kingdom,42,Female,Tablet,1 Month
2256,Basic,11,11-11-21,31-08-22,Brazil,27,Female,Smart TV,1 Month
2257,Premium,18,17-12-22,22-06-23,France,26,Female,Smart TV,1 Month
2258,Basic,11,16-12-22,22-02-23,Brazil,50,Male,Smartphone,1 Month
2259,Basic,13,18-12-21,22-03-22,Germany,46,Male,Smartphone,1 Month
2260,Standard,15,24-05-23,14-06-23,Spain,50,Female,Laptop,1 Month
2261,Basic,11,09-05-23,04-07-23,Spain,29,Male,Smart TV,1 Month
2262,Premium,18,25-04-23,15-07-23,France,49,Male,Smartphone,1 Month
2263,Premium,16,26-12-22,20-01-23,Australia,46,Male,Tablet,1 Month
2264,Standard,11,09-11-22,29-03-23,France,48,Female,Laptop,1 Month
2265,Standard,15,26-08-22,05-11-22,Spain,31,Male,Tablet,1 Month
2266,Basic,13,18-01-23,25-03-23,Brazil,33,Male,Smart TV,1 Month
2267,Standard,11,13-07-22,01-07-23,Germany,33,Male,Laptop,1 Month
2268,Basic,13,06-11-21,13-01-22,Mexico,47,Female,Laptop,1 Month
2269,Standard,14,13-12-21,14-06-22,Spain,30,Male,Laptop,1 Month
2270,Standard,13,04-10-21,24-02-22,France,36,Male,Smartphone,1 Month
2271,Standard,12,02-04-23,23-06-23,Canada,37,Female,Laptop,1 Month
2272,Standard,15,03-07-22,04-11-22,Spain,43,Female,Smart TV,1 Month
2273,Standard,14,18-10-21,27-09-22,Spain,50,Female,Tablet,1 Month
2274,Premium,17,18-01-22,01-06-22,United States,37,Male,Tablet,1 Month
2275,Standard,14,09-01-23,28-06-23,France,51,Female,Smartphone,1 Month
2276,Standard,12,22-04-23,02-07-23,United States,49,Male,Smartphone,1 Month
2277,Standard,12,16-11-22,17-02-23,Spain,30,Male,Tablet,1 Month
2278,Standard,11,25-08-22,28-06-23,Mexico,45,Male,Laptop,1 Month
2279,Standard,15,22-01-22,18-12-22,United Kingdom,28,Female,Smartphone,1 Month
2280,Standard,11,12-04-23,22-06-23,Brazil,51,Female,Smart TV,1 Month
2281,Premium,16,21-08-22,06-03-23,Australia,35,Male,Tablet,1 Month
2282,Basic,12,29-07-22,17-02-23,United Kingdom,45,Male,Smart TV,1 Month
2283,Basic,11,20-11-22,14-07-23,United Kingdom,29,Female,Smart TV,1 Month
2284,Standard,11,14-10-22,17-01-23,United States,28,Female,Tablet,1 Month
2285,Premium,17,01-09-22,26-05-23,Spain,28,Male,Laptop,1 Month
2286,Premium,18,19-09-21,23-12-21,Mexico,47,Male,Tablet,1 Month
2287,Premium,14,27-04-23,26-06-23,Canada,37,Female,Laptop,1 Month
2288,Premium,18,15-03-23,28-05-23,Spain,26,Male,Tablet,1 Month
2289,Premium,16,30-11-21,25-06-22,United Kingdom,29,Male,Smartphone,1 Month
2290,Standard,11,26-11-21,27-05-22,Spain,42,Male,Smart TV,1 Month
2291,Standard,12,14-11-22,05-07-23,France,33,Female,Laptop,1 Month
2292,Basic,9,19-03-23,22-06-23,Spain,44,Female,Smart TV,1 Month
2293,Premium,18,30-03-22,28-10-22,Spain,36,Male,Laptop,1 Month
2294,Standard,12,21-12-21,16-03-22,Germany,48,Female,Tablet,1 Month
2295,Standard,14,09-03-22,16-09-22,United States,47,Female,Smart TV,1 Month
2296,Standard,13,29-10-22,29-12-22,United Kingdom,41,Female,Smart TV,1 Month
2297,Premium,16,09-03-23,09-07-23,Canada,47,Female,Tablet,1 Month
2298,Basic,11,16-09-22,24-06-23,Brazil,38,Female,Smartphone,1 Month
2299,Premium,15,03-11-22,21-04-23,United States,41,Male,Laptop,1 Month
2300,Basic,10,11-08-22,10-05-23,United States,28,Female,Laptop,1 Month
2301,Basic,11,29-04-22,26-01-23,Canada,41,Male,Laptop,1 Month
2302,Premium,15,25-02-23,07-07-23,United States,46,Female,Smartphone,1 Month
2303,Standard,15,10-01-22,24-10-22,Spain,43,Male,Laptop,1 Month
2304,Standard,13,09-06-23,12-07-23,Australia,37,Male,Laptop,1 Month
2305,Standard,15,08-07-22,14-06-23,France,29,Male,Smartphone,1 Month
2306,Premium,18,07-03-22,04-01-23,Mexico,49,Male,Laptop,1 Month
2307,Basic,13,15-11-22,13-07-23,Germany,37,Female,Smartphone,1 Month
2308,Standard,14,10-01-22,10-05-22,Canada,33,Male,Laptop,1 Month
2309,Premium,16,10-03-22,05-12-22,Brazil,47,Male,Tablet,1 Month
2310,Standard,12,27-09-21,05-06-22,France,45,Female,Laptop,1 Month
2311,Standard,11,20-09-21,19-11-21,United States,34,Male,Smart TV,1 Month
2312,Basic,9,03-10-22,17-11-22,United States,34,Male,Laptop,1 Month
2313,Standard,12,31-07-22,14-07-23,Canada,45,Female,Laptop,1 Month
2314,Basic,9,08-06-23,27-06-23,Canada,38,Female,Smart TV,1 Month
2315,Standard,14,30-09-22,18-11-22,United States,29,Female,Smartphone,1 Month
2316,Basic,10,07-11-21,12-07-22,Canada,32,Male,Tablet,1 Month
2317,Standard,13,15-07-22,14-11-22,Brazil,30,Male,Laptop,1 Month
2318,Standard,14,12-05-23,01-07-23,France,36,Female,Laptop,1 Month
2319,Standard,12,26-01-23,31-05-23,Germany,41,Female,Smart TV,1 Month
2320,Basic,11,18-02-23,26-05-23,France,42,Male,Smart TV,1 Month
2321,Basic,9,20-10-21,27-05-22,Spain,29,Male,Smart TV,1 Month
2322,Premium,14,12-06-23,10-07-23,United Kingdom,43,Male,Tablet,1 Month
2323,Premium,16,15-02-23,19-06-23,Australia,50,Female,Laptop,1 Month
2324,Standard,11,16-10-22,20-12-22,France,36,Female,Smart TV,1 Month
2325,Standard,13,31-10-21,25-11-21,United States,32,Male,Smart TV,1 Month
2326,Basic,11,21-02-23,21-06-23,Spain,27,Male,Laptop,1 Month
2327,Basic,13,13-05-23,01-07-23,Spain,39,Male,Laptop,1 Month
2328,Standard,13,17-06-23,25-06-23,Australia,29,Female,Laptop,1 Month
2329,Premium,16,13-10-21,10-09-22,Italy,28,Female,Tablet,1 Month
2330,Standard,13,12-12-21,29-08-22,United Kingdom,40,Male,Smart TV,1 Month
2331,Standard,14,08-08-22,02-06-23,Canada,48,Male,Smart TV,1 Month
2332,Basic,9,07-09-21,22-08-22,Australia,35,Female,Smartphone,1 Month
2333,Basic,10,06-07-22,15-09-22,Canada,43,Male,Tablet,1 Month
2334,Basic,11,23-11-22,20-12-22,Canada,33,Male,Smartphone,1 Month
2335,Premium,18,28-02-22,27-03-22,Australia,38,Male,Smart TV,1 Month
2336,Premium,14,24-11-22,08-05-23,Canada,26,Male,Smart TV,1 Month
2337,Premium,14,26-12-22,03-07-23,Italy,30,Male,Laptop,1 Month
2338,Basic,10,07-04-23,13-07-23,Italy,39,Male,Smart TV,1 Month
2339,Basic,11,13-12-21,06-05-22,United Kingdom,31,Female,Tablet,1 Month
2340,Premium,14,30-04-22,20-03-23,Mexico,38,Female,Smart TV,1 Month
2341,Basic,11,01-12-22,04-04-23,Mexico,48,Female,Laptop,1 Month
2342,Basic,10,19-01-23,18-02-23,Italy,35,Female,Smart TV,1 Month
2343,Basic,9,15-04-22,13-10-22,Australia,39,Female,Laptop,1 Month
2344,Premium,16,08-11-22,23-06-23,United Kingdom,37,Female,Laptop,1 Month
2345,Basic,9,08-12-21,15-06-22,United States,44,Female,Laptop,1 Month
2346,Standard,11,05-11-21,08-10-22,United States,40,Male,Smart TV,1 Month
2347,Standard,11,07-08-22,02-12-22,Spain,27,Male,Tablet,1 Month
2348,Standard,12,21-02-23,10-06-23,Germany,31,Male,Laptop,1 Month
2349,Basic,11,14-06-23,29-06-23,France,45,Male,Tablet,1 Month
2350,Basic,13,13-06-22,31-12-22,United States,47,Male,Tablet,1 Month
2351,Standard,15,23-12-22,13-06-23,United Kingdom,36,Female,Smartphone,1 Month
2352,Standard,15,21-03-22,05-10-22,France,51,Male,Smartphone,1 Month
2353,Basic,10,04-12-22,04-02-23,Canada,38,Female,Laptop,1 Month
2354,Standard,11,28-01-22,19-06-22,Germany,47,Female,Smartphone,1 Month
2355,Basic,12,14-07-22,21-01-23,Canada,40,Female,Laptop,1 Month
2356,Standard,11,26-01-23,20-03-23,France,32,Male,Tablet,1 Month
2357,Premium,14,29-03-23,02-07-23,United States,44,Male,Tablet,1 Month
2358,Standard,12,14-01-23,25-04-23,United States,35,Male,Laptop,1 Month
2359,Premium,16,28-12-22,22-03-23,Spain,49,Male,Smart TV,1 Month
2360,Basic,13,06-10-21,29-01-22,France,34,Male,Laptop,1 Month
2361,Standard,13,13-05-23,26-06-23,France,45,Female,Laptop,1 Month
2362,Basic,9,22-05-22,04-08-22,Australia,27,Female,Smart TV,1 Month
2363,Standard,13,15-04-22,01-10-22,Spain,39,Female,Smartphone,1 Month
2364,Basic,13,17-12-22,17-04-23,Canada,47,Female,Laptop,1 Month
2365,Standard,13,11-02-23,09-03-23,Spain,44,Male,Tablet,1 Month
2366,Basic,13,05-03-22,31-01-23,Spain,38,Female,Smart TV,1 Month
2367,Premium,17,29-09-22,02-02-23,Germany,28,Female,Laptop,1 Month
2368,Premium,14,27-12-21,04-08-22,France,31,Female,Smart TV,1 Month
2369,Premium,17,07-06-22,14-04-23,United Kingdom,44,Male,Laptop,1 Month
2370,Standard,11,20-05-22,30-08-22,United Kingdom,51,Female,Smart TV,1 Month
2371,Premium,16,01-11-22,01-07-23,United Kingdom,46,Female,Smartphone,1 Month
2372,Standard,11,18-01-23,09-02-23,Germany,37,Male,Smartphone,1 Month
2373,Premium,18,21-09-21,16-10-21,Germany,46,Male,Laptop,1 Month
2374,Premium,17,27-02-23,30-06-23,Italy,35,Female,Laptop,1 Month
2375,Basic,13,07-10-22,02-12-22,Mexico,26,Female,Laptop,1 Month
2376,Basic,10,21-06-23,20-06-23,United States,32,Male,Smart TV,1 Month
2377,Standard,13,02-03-22,15-02-23,Canada,32,Female,Smartphone,1 Month
2378,Basic,11,28-09-21,26-02-22,Italy,49,Male,Smartphone,1 Month
2379,Premium,14,13-06-22,02-09-22,United States,47,Female,Smart TV,1 Month
2380,Standard,15,30-01-22,21-03-22,United States,30,Male,Laptop,1 Month
2381,Premium,16,10-04-23,20-06-23,United States,47,Male,Smart TV,1 Month
2382,Standard,15,21-04-22,16-03-23,United States,37,Female,Tablet,1 Month
2383,Premium,17,27-07-22,16-09-22,Brazil,31,Female,Smartphone,1 Month
2384,Premium,16,04-12-22,12-07-23,Canada,51,Male,Smart TV,1 Month
2385,Basic,12,15-12-22,20-05-23,United States,37,Female,Smartphone,1 Month
2386,Standard,12,19-12-22,13-07-23,United States,35,Female,Smartphone,1 Month
2387,Standard,12,28-12-21,23-06-22,Canada,35,Male,Smart TV,1 Month
2388,Standard,15,14-06-22,08-12-22,Canada,49,Female,Tablet,1 Month
2389,Basic,13,07-11-21,28-06-22,Spain,32,Male,Tablet,1 Month
2390,Premium,15,10-09-22,06-01-23,Canada,41,Male,Laptop,1 Month
2391,Premium,16,15-11-22,04-07-23,United Kingdom,41,Male,Tablet,1 Month
2392,Standard,15,02-10-21,14-08-22,Australia,36,Female,Laptop,1 Month
2393,Basic,13,01-09-22,10-07-23,United States,43,Male,Smartphone,1 Month
2394,Premium,17,07-12-22,08-07-23,Spain,51,Male,Tablet,1 Month
2395,Premium,18,06-08-22,21-09-22,United States,26,Female,Smartphone,1 Month
2396,Basic,12,14-05-23,07-07-23,Brazil,38,Female,Smartphone,1 Month
2397,Standard,14,23-02-23,06-05-23,Brazil,41,Female,Tablet,1 Month
2398,Premium,16,31-10-22,23-06-23,Germany,37,Female,Tablet,1 Month
2399,Standard,13,27-02-23,11-07-23,Brazil,37,Male,Smartphone,1 Month
2400,Basic,13,12-07-22,28-03-23,United States,34,Male,Tablet,1 Month
2401,Basic,12,12-09-21,19-12-21,Germany,48,Female,Tablet,1 Month
2402,Premium,16,24-05-22,22-01-23,Brazil,33,Male,Smart TV,1 Month
2403,Premium,16,14-01-22,29-07-22,Brazil,36,Female,Laptop,1 Month
2404,Premium,18,15-03-22,06-01-23,Germany,37,Female,Tablet,1 Month
2405,Basic,11,05-06-23,14-07-23,Italy,43,Female,Smartphone,1 Month
2406,Premium,14,07-07-22,25-01-23,United States,40,Male,Laptop,1 Month
2407,Basic,13,23-10-22,01-07-23,France,33,Female,Laptop,1 Month
2408,Basic,13,26-09-21,24-01-22,Brazil,26,Female,Tablet,1 Month
2409,Premium,18,01-04-23,25-06-23,Australia,50,Female,Smartphone,1 Month
2410,Basic,13,08-07-22,10-11-22,United States,47,Female,Smartphone,1 Month
2411,Premium,17,13-06-23,28-06-23,Spain,45,Female,Smartphone,1 Month
2412,Premium,15,17-01-23,23-06-23,Mexico,28,Female,Laptop,1 Month
2413,Basic,13,13-01-23,29-05-23,Australia,47,Female,Laptop,1 Month
2414,Basic,12,02-10-21,26-07-22,Canada,42,Male,Smart TV,1 Month
2415,Premium,17,06-10-21,22-03-22,United States,42,Female,Tablet,1 Month
2416,Standard,13,20-04-23,21-06-23,France,34,Male,Laptop,1 Month
2417,Basic,9,02-06-22,22-02-23,Canada,41,Male,Smart TV,1 Month
2418,Basic,13,06-01-23,01-07-23,Canada,27,Male,Smart TV,1 Month
2419,Basic,11,16-05-22,07-05-23,United Kingdom,38,Female,Smart TV,1 Month
2420,Standard,15,13-04-22,01-10-22,United States,36,Male,Tablet,1 Month
2421,Basic,12,04-02-23,19-05-23,Spain,29,Male,Laptop,1 Month
2422,Standard,12,25-03-22,09-05-22,United Kingdom,48,Female,Laptop,1 Month
2423,Premium,17,24-06-23,27-06-23,United States,27,Female,Tablet,1 Month
2424,Basic,13,01-12-21,24-02-22,Australia,26,Male,Tablet,1 Month
2425,Basic,9,15-08-22,05-12-22,Australia,31,Female,Tablet,1 Month
2426,Standard,14,31-03-22,16-05-22,Brazil,48,Male,Smart TV,1 Month
2427,Basic,12,13-11-21,30-03-22,Brazil,39,Male,Smart TV,1 Month
2428,Premium,17,27-10-22,22-12-22,Spain,36,Male,Smartphone,1 Month
2429,Basic,10,14-10-21,15-01-22,United States,34,Male,Laptop,1 Month
2430,Basic,12,09-12-21,15-03-22,Australia,43,Female,Smart TV,1 Month
2431,Premium,15,25-11-21,20-12-21,France,32,Female,Laptop,1 Month
2432,Standard,13,14-02-22,14-03-22,United States,32,Male,Smart TV,1 Month
2433,Standard,11,20-03-23,21-06-23,United States,32,Male,Smart TV,1 Month
2434,Basic,12,19-05-22,05-03-23,United States,38,Female,Smartphone,1 Month
2435,Standard,14,21-05-22,25-12-22,Canada,47,Male,Smartphone,1 Month
2436,Premium,15,20-04-23,13-07-23,Australia,30,Female,Smartphone,1 Month
2437,Premium,16,06-11-22,14-04-23,Germany,30,Female,Laptop,1 Month
2438,Premium,18,26-03-22,30-07-22,Canada,32,Male,Smart TV,1 Month
2439,Standard,11,26-02-22,17-04-22,United States,45,Male,Laptop,1 Month
2440,Basic,11,20-10-22,11-12-22,United States,40,Female,Smart TV,1 Month
2441,Premium,18,16-06-23,26-06-23,United Kingdom,34,Male,Laptop,1 Month
2442,Basic,9,04-10-22,26-06-23,Australia,50,Female,Laptop,1 Month
2443,Premium,16,13-10-22,21-05-23,France,27,Male,Smart TV,1 Month
2444,Standard,13,30-01-23,10-04-23,United Kingdom,35,Male,Laptop,1 Month
2445,Premium,16,09-12-21,03-10-22,Italy,29,Female,Laptop,1 Month
2446,Premium,14,24-02-23,20-04-23,Canada,37,Male,Tablet,1 Month
2447,Premium,15,16-10-21,03-04-22,Italy,30,Female,Smartphone,1 Month
2448,Basic,9,02-09-22,23-02-23,Mexico,28,Male,Tablet,1 Month
2449,Premium,17,30-04-22,04-09-22,Australia,44,Female,Smartphone,1 Month
2450,Standard,11,28-10-21,22-07-22,Spain,41,Female,Tablet,1 Month
2451,Basic,12,07-12-21,22-06-22,Mexico,40,Female,Tablet,1 Month
2452,Standard,12,19-10-21,25-01-22,Spain,26,Female,Smartphone,1 Month
2453,Standard,13,27-03-23,19-05-23,Spain,28,Male,Laptop,1 Month
2454,Premium,18,21-11-21,28-05-22,Brazil,31,Male,Smart TV,1 Month
2455,Basic,9,14-01-22,12-04-22,Germany,37,Male,Laptop,1 Month
2456,Premium,18,07-10-21,26-02-22,United States,38,Female,Tablet,1 Month
2457,Basic,13,13-09-21,11-02-22,Canada,33,Male,Laptop,1 Month
2458,Standard,11,04-05-23,30-06-23,Spain,34,Female,Smart TV,1 Month
2459,Standard,13,06-06-23,27-06-23,United Kingdom,35,Female,Laptop,1 Month
2460,Basic,12,12-10-22,29-12-22,Spain,36,Female,Smart TV,1 Month
2461,Basic,10,02-04-23,09-06-23,Canada,47,Female,Smart TV,1 Month
2462,Standard,11,20-12-22,28-03-23,Brazil,47,Female,Tablet,1 Month
2463,Standard,13,01-06-22,29-09-22,Brazil,35,Male,Smartphone,1 Month
2464,Basic,9,07-12-22,01-07-23,Australia,32,Male,Tablet,1 Month
2465,Premium,15,11-12-22,20-03-23,Spain,29,Female,Smart TV,1 Month
2466,Basic,13,04-04-22,23-02-23,Australia,36,Male,Tablet,1 Month
2467,Basic,12,10-12-22,05-07-23,Brazil,31,Male,Smartphone,1 Month
2468,Premium,18,23-01-22,26-06-22,Italy,39,Male,Smartphone,1 Month
2469,Standard,12,15-12-22,30-05-23,France,31,Male,Laptop,1 Month
2470,Premium,15,07-07-22,11-03-23,Mexico,41,Male,Laptop,1 Month
2471,Standard,12,26-09-21,21-07-22,Germany,47,Female,Tablet,1 Month
2472,Standard,12,14-06-23,05-07-23,Australia,35,Male,Laptop,1 Month
2473,Standard,15,27-11-21,09-06-22,Australia,44,Female,Smart TV,1 Month
2474,Basic,12,10-07-22,18-03-23,Canada,43,Female,Smart TV,1 Month
2475,Standard,13,12-01-23,01-07-23,Italy,45,Male,Smartphone,1 Month
2476,Basic,9,22-01-22,31-10-22,Mexico,28,Female,Tablet,1 Month
2477,Standard,11,11-10-21,22-04-22,Canada,44,Male,Laptop,1 Month
2478,Standard,15,27-01-22,18-07-22,Spain,28,Female,Laptop,1 Month
2479,Basic,9,07-02-22,27-07-22,Germany,47,Female,Smart TV,1 Month
2480,Premium,16,06-04-22,07-06-22,United States,29,Male,Smart TV,1 Month
2481,Premium,15,01-09-21,01-11-21,United States,42,Male,Tablet,1 Month
2482,Basic,9,16-06-22,20-10-22,Canada,36,Female,Tablet,1 Month
2483,Basic,10,07-03-23,28-06-23,France,40,Male,Smart TV,1 Month
2484,Standard,15,26-03-22,30-07-22,Australia,40,Female,Laptop,1 Month
2485,Standard,14,23-06-23,29-06-23,Italy,51,Male,Tablet,1 Month
2486,Basic,11,29-10-21,19-05-22,Brazil,37,Female,Smart TV,1 Month
2487,Standard,15,23-06-23,13-07-23,Canada,42,Female,Laptop,1 Month
2488,Premium,14,15-02-22,10-07-22,Spain,36,Female,Laptop,1 Month
2489,Basic,10,15-03-22,20-12-22,United States,50,Female,Smartphone,1 Month
2490,Basic,10,17-02-22,02-04-22,Canada,38,Female,Laptop,1 Month
2491,Basic,10,25-04-23,04-07-23,Canada,48,Male,Smart TV,1 Month
2492,Premium,15,28-05-23,12-07-23,Canada,45,Female,Laptop,1 Month
2493,Premium,14,30-03-22,15-12-22,Spain,35,Male,Smartphone,1 Month
2494,Premium,14,06-12-22,20-06-23,Brazil,30,Female,Laptop,1 Month
2495,Standard,11,01-04-22,26-11-22,Canada,38,Female,Smart TV,1 Month
2496,Premium,14,01-10-21,13-02-22,Brazil,37,Male,Smartphone,1 Month
2497,Standard,13,22-03-23,23-06-23,United Kingdom,35,Male,Laptop,1 Month
2498,Basic,11,19-01-23,13-07-23,Mexico,42,Male,Smartphone,1 Month
2499,Premium,15,20-11-21,26-09-22,Australia,40,Female,Tablet,1 Month
2500,Basic,9,03-09-22,11-11-22,United States,28,Male,Laptop,1 Month
